국가별,1995,1996,1997,1998,1999,2000,2001,2002,2003,2004,2005,2006,2007,2008,2009,2010,2011,2012,2013,2014,2015,2016,2017,2018,2019,2020,2021,2022,2023
대한민국,-,-,-,-,-,597.7,567.6,649.9,728.4,823.7,971.6,1094.4,1221,1091,983.5,1193,1307.3,1335.3,1434.6,1555.7,1538.5,1579.5,1710.4,1824,1750.6,1744.4,1941.5,1798.7,1839.4
아프가니스탄,-,-,-,-,-,6.2,5.6,7.2,7.9,8,8.9,9.3,10.6,11.1,13.4,15.4,15.4,17.4,18.4,18.9,19.1,19.6,20.1,20.3,21.1,20.6,16.3,15.3,-
아르메니아,3.1,3.3,3.4,3.6,3.7,4,4.3,4.9,5.6,6.2,7,8,9.1,9.7,8.3,8.5,8.9,9.6,9.9,10.2,10.6,10.6,11.4,12,12.9,11.9,12.6,14.2,15.5
아제르바이잔,8.5,8.6,9.1,10,10.7,11.9,13.1,14.3,15.8,17.3,22.1,29.7,37.1,41.1,45,47.2,47.3,48.3,51.1,52.5,53.1,51.4,51.5,52.3,53.6,51.3,54.2,56.7,57.4
바레인,12.5,13,13.4,14,14.7,15.4,15.8,16.3,17.4,18.6,19.8,21.1,22.9,24.3,24.9,26,26.5,27.5,29,30.3,31.1,32.2,33.4,34.2,34.9,33.3,34.2,35.9,36.7
방글라데시,66,68.9,72,75.8,79.3,83.5,87.7,91.1,95.4,100.4,107,114.1,122.2,129.5,136,143.6,152.9,162.9,172.7,183.1,195.1,209,222.8,239.1,258,266.9,285.4,305.6,323.3
부탄,0.6,0.6,0.6,0.7,0.7,0.7,0.8,0.9,1,1,1.1,1.1,1.3,1.4,1.5,1.7,1.8,1.9,1.9,2,2.2,2.3,2.4,2.5,2.6,2.4,2.5,2.6,-
브루나이,10.6,10.9,10.8,10.7,11,11.3,11.7,12.1,12.5,12.5,12.6,13.1,13.1,12.9,12.7,13,13.5,13.6,13.3,13,12.9,12.6,12.8,12.8,13.3,13.4,13.2,13,13.2
캄보디아,4.1,4.4,4.6,4.8,5.4,5.9,6.4,6.8,7.4,8.2,9.2,10.2,11.3,12,12,12.8,13.7,14.7,15.7,16.9,18,19.3,20.7,22.2,23.8,23,23.7,25,26.3
중국,1831.4,2013.1,2199.1,2371.6,2553.3,2770.1,3001,3275.1,3603.9,3968.4,4420.5,4982.9,5692,6241.3,6827.9,7554.1,8275.6,8926.4,9619.6,10333.9,11061.6,11819.2,12640.3,13493.4,14296.4,14616.4,15851.3,16325.1,17174
키프로스,12.7,12.8,13.2,14,14.7,15.5,16.1,16.8,17.2,18.1,18.9,19.8,20.8,21.6,21.2,21.6,21.7,21,19.6,19.3,19.9,21.2,22.4,23.7,25,24.2,26.5,27.9,28.6
동티모르,0.7,0.8,0.8,0.8,0.5,0.8,1,0.9,0.9,0.9,0.9,0.9,1,1.1,1.2,1.3,1.4,1.4,1.5,1.6,1.6,1.6,1.6,1.6,2,2.6,2.7,2.2,1.9
조지아,4.8,5.3,5.9,6.1,6.3,6.4,6.7,7,7.8,8.3,9.1,9.9,11.2,11.4,11,11.7,12.6,13.5,14.2,14.7,15.2,15.7,16.6,17.6,18.5,17.3,19.2,21.3,22.9
홍콩,157.7,164.4,172.8,162.7,166.7,179.5,180.5,183.5,189.1,205.6,220.8,236.3,251.6,256.9,250.6,267.6,280.4,285.2,294,302.2,309.4,316.1,328.1,337.5,331.8,310.1,330.1,318,328.2
인도,596.1,641.1,667,708.3,770.9,800.5,839.2,871.1,939.5,1014,1094.3,1182.5,1273.1,1312.4,1415.6,1535.9,1616.4,1704.6,1813.5,1947.8,2103.6,2277.3,2432,2589,2689.2,2533.8,2779.3,2973.5,3199.1
인도네시아,380.9,410.7,430,373.5,376.5,395,409.4,427.8,448.3,470.8,497.6,525,558.3,591.9,619.3,657.8,698.4,740.5,781.7,820.8,860.9,904.2,950,999.2,1049.3,1027.7,1065.7,1122.3,1178.9
이란,216.7,230.5,233.6,238.4,243.2,257.4,263.6,284.9,309.5,322.9,333.2,349.9,378.4,379.4,383.2,405.4,416.1,400.5,394.5,414.1,408.2,444.2,456.5,448.1,434.3,448.8,469.9,487.7,511.8
이라크,40.8,45.3,55,74.1,87.2,101.9,103.7,95.2,60.3,92.5,94,99.4,101.2,109.6,113.3,120.5,129.6,147.7,158.9,159.3,166.8,189.8,186.3,191.2,201.8,177.5,180.1,193.9,188.2
이스라엘,143.5,152,157.7,164.2,169.7,184.4,185,184.8,187.4,196.3,204.5,215.9,228.9,236.3,238.4,251.9,266,272.8,284.9,296.1,303.4,317.1,330.7,344.2,358.5,351.8,382.1,408.2,416.4
일본,3785.6,3904.3,3942.6,3892.5,3879.5,3986.8,4002.1,4003.8,4065.3,4154.2,4229.1,4287.1,4350.8,4297.5,4052.8,4218.9,4219.9,4277.9,4363.7,4376.6,4444.9,4478.4,4553.5,4582.8,4564.3,4375,4487,4529.9,4617
요르단,15.7,16,16.6,17.1,17.6,18.4,19.3,20.5,21.3,23.1,25,27.1,29.3,31.4,33,33.7,34.6,35.5,36.4,37.6,38.6,39.4,40.3,41.1,41.8,41.4,42.9,43.9,45.1
카자흐스탄,58.5,58.8,59.8,58.7,60.3,66.2,75.1,82.5,90.1,98.8,108.4,120,130.7,135,136.6,146.6,157.4,165,174.9,182.2,184.4,186.4,194.1,202,211.1,205.8,214.7,221.5,232.8
쿠웨이트,55.8,56.1,57.5,59.6,58.5,61.3,61.4,63.2,74.2,81.8,90.5,97.3,103.1,105.7,98.2,95.9,105.1,112.1,113.3,113.9,114.6,117.9,112.4,115.1,116.7,110.6,112.4,119.3,116.7
키르기스스탄,2.7,2.9,3.2,3.2,3.3,3.5,3.7,3.7,4,4.2,4.2,4.4,4.7,5.1,5.3,5.3,5.6,5.6,6.2,6.4,6.7,7,7.3,7.6,7.9,7.4,7.8,8.5,9
라오스,3.7,3.9,4.2,4.4,4.7,5,5.3,5.6,5.9,6.3,6.7,7.3,7.9,8.5,9.1,9.9,10.7,11.6,12.5,13.4,14.4,15.4,16.5,17.5,18.5,18.6,19.1,19.6,20.3
레바논,22,24.4,24.7,25.6,25.5,25.8,26.8,27.7,28.6,30.5,31.3,31.8,34.8,37.9,41.8,45.1,45.5,46.7,48.5,49.7,49.9,50.7,51.2,50.2,46.7,36.7,34.2,33.9,33.9
마카오,14,13.9,13.9,13.2,12.9,13.7,14.1,15.3,17.1,21.7,23.4,26.6,30.4,31.4,31.8,39.8,48.4,52.9,58.6,57.4,45,44.7,49.2,52.3,51,23.3,28.7,22.6,40.8
말레이시아,117.3,129.1,138.5,128.3,136.2,148.3,149,157.1,166.2,177.4,186.9,197.3,209.8,219.9,216.6,232.7,245,258.4,270.5,286.8,301.4,314.8,333.1,349.2,364.6,344.7,356.1,386.9,401.1
몰디브,1.4,1.5,1.7,1.8,1.9,2,1.9,2,2.3,2.5,2.2,2.7,2.9,3.2,2.9,3.1,3.4,3.4,3.7,4,4.1,4.4,4.7,5.1,5.5,3.7,5.1,5.8,6
몽골,3.3,3.4,3.5,3.7,3.8,3.8,3.9,4.1,4.4,4.9,5.2,5.7,6.3,6.8,6.7,7.2,8.4,9.4,10.5,11.3,11.6,11.8,12.5,13.4,14.2,13.5,13.7,14.4,15.5
미얀마,9,9.6,10.1,10.7,11.9,13.5,15.1,16.9,19.2,21.8,24.8,28,31.4,34.6,38.2,41.9,44.3,47.5,51.5,55.7,59.6,63.1,67,71.2,75.9,69,60.7,63.2,63.8
네팔,10.6,11.2,11.8,12.1,12.6,13.4,14.1,14.1,14.7,15.3,15.9,16.4,17,18,18.8,19.7,20.4,21.3,22.1,23.4,24.4,24.5,26.7,28.7,30.6,29.9,31.3,33.1,33.7
오만,39,40.2,42.6,43.8,43.9,46.8,48.9,48.3,47,47.7,48.8,51.5,53.8,58.2,61.7,62.8,64.6,70.3,74,75,78.7,82.7,82.9,84,83.1,80.2,82.7,86.3,87.4
파키스탄,138.5,145.2,146.7,150.4,155.9,162.6,168.5,172.9,182.2,196.5,210.8,223.5,233.4,238.4,246.7,250.4,257.1,264.9,276.4,287.8,300,319.7,333.9,354.4,363.2,358.6,382,400.2,400.2
필리핀,119.5,126.5,133.1,132.4,136.8,142.8,147.2,152.6,160.4,170.9,179.4,188.9,201.2,210,213,228.6,237.4,253.8,271,288.2,306.4,328.4,351.1,373.4,396.2,358.5,379,407.7,430.3
카타르,19.8,20.7,26.9,29.9,31.2,33.7,35,37.5,38.9,46.4,49.9,62.9,74.2,87.3,97.8,117,132.6,138.9,146.6,154.4,161.7,166.7,164.2,166.2,167.4,161.4,164,170.9,-
사우디아라비아,340.3,349.2,353.1,363.3,349.6,369.3,364.8,354.5,394.4,425.8,449.5,462.1,470.6,500,489.7,514.4,570.9,601.8,617.1,640.6,669.5,682.1,688.3,710.3,718.1,692.4,727.6,782,776.1
싱가포르,107.1,115.1,124.6,121.9,128.9,140.5,139,144.5,151.1,166.1,178.3,194.4,211.9,215.8,216.1,247.5,262.9,274.5,287.8,299.1,308,319.1,333.5,345.2,349.8,336.3,368.9,383,387.1
스리랑카,29.5,30.7,32.6,34.2,35.6,37.8,37.2,38.7,41,43.2,45.9,49.4,52.8,55.9,57.9,62.5,67.9,73.8,76.8,81.7,85.1,89.4,95.2,97.4,97.2,92.7,96.6,89.5,87.5
시리아,17.4,19.1,20,21.4,20.6,20.8,21,21.8,23.4,25,26.6,27.9,29.5,30.8,32.6,34.3,35.3,26,19.2,17.2,16.5,15.4,15.3,15.5,15.7,15.7,15.9,-,-
타지키스탄,2.7,2.2,2.3,2.4,2.5,2.7,3,3.3,3.6,4,4.3,4.6,4.9,5.3,5.5,5.9,6.3,6.8,7.3,7.8,8.3,8.8,9.5,10.2,10.9,11.4,12.5,13.5,14.6
태국,213.6,225.7,219.5,202.7,212,221.5,229.1,243.2,260.7,277,288.6,303,319.5,325,322.7,347,349.9,375.2,385.3,389.1,401.3,415.1,432.4,450.7,460.2,432.4,439.2,450,458.4
튀르키예,338.2,363.1,390.7,400,387,413.8,390,415.2,439.1,482.1,525.5,562,590.3,595.1,566.4,614.2,683,715.7,776.4,814.7,864.3,893,960,989,997.1,1015.6,1131.8,1194.4,1248.4
투르크메니스탄,8.3,8.9,7.9,8.4,9.8,10.3,10.8,10.8,11.2,11.7,13.3,14.7,16.3,18.7,19.9,21.7,24.9,27.7,30.5,33.6,35.8,38,40.5,43,45.7,48.4,51.4,54.6,58
아랍에미리트,153,161.9,175.2,175.7,180.8,200.4,203.2,208.2,226.5,248.1,260.2,285.8,294.9,304.3,288.3,293,311.2,316.9,332.9,346.7,370.3,390.9,393.7,398.9,403.3,383.3,400,431.4,446.1
우즈베키스탄,26,26.5,27.9,29.1,30.3,31.5,32.8,34.1,35.5,38.2,40.8,43.9,48,52.4,56.6,60.9,65.5,70.1,75.2,80.4,86.2,91.3,95.3,100.9,107,109.1,117.2,123.8,131.2
베트남,66.8,73.1,79,83.6,87.6,93.5,99.3,105.6,112.9,121.4,130.5,139.7,149.6,158.1,166.6,177.3,188.7,199.1,210.1,223.6,239.3,255.3,273,293.4,314.9,324,332.2,359.2,377.4
예멘,32.3,33.8,35.5,37.7,39.1,41.5,43.1,44.8,46.4,48.3,51,52.6,54.4,56.4,58.5,63,55,56.3,59.1,58.9,42.4,38.5,36.5,36.8,-,-,-,-,-
버뮤다,5.3,5.5,5.7,6,6.2,6.7,7.2,7.1,7.4,7.5,7.7,8.1,8.4,8.2,7.7,7.5,7.3,6.9,6.9,6.6,6.7,6.6,6.8,6.8,6.8,6.4,6.7,7.2,-
캐나다,955.1,971.3,1012.8,1052.3,1106.3,1163.2,1185,1220.6,1242.6,1281,1322.2,1357,1384.8,1398.6,1357.9,1399.8,1443.7,1469.1,1503.3,1546.5,1556.5,1572.7,1620.4,1664.8,1696.6,1611.1,1696.3,1761.1,1779.9
그린란드,1.5,1.5,1.5,1.6,1.7,1.8,1.8,1.8,1.9,2,2.1,2.2,2.3,2.4,2.4,2.5,2.4,2.5,2.4,2.6,2.5,2.6,2.6,2.6,2.7,2.7,2.7,-,-
멕시코,724.2,769.3,824.6,875.7,899.8,945,940.8,938.5,949.7,983.5,1004.3,1052.6,1074.4,1084.6,1016.3,1066.8,1103.6,1142.8,1152.5,1181.4,1213.3,1234.8,1257.9,1282.7,1279.5,1169.1,1236.2,1285.1,1326.6
미국,11106.7,11525.7,12038.3,12578,13180.2,13717.7,13848.8,14084.2,14478,15035.1,15558.8,15992.1,16312.5,16331.1,15910.3,16339.1,16594.7,16974.6,17334.1,17771.5,18295,18627.9,19085.7,19651.9,20136.7,19691,20833.1,21236.3,21776.3
앤티가바부다,0.9,1,1,1.1,1.1,1.2,1.1,1.2,1.2,1.3,1.4,1.6,1.7,1.7,1.5,1.4,1.3,1.4,1.4,1.4,1.4,1.5,1.5,1.6,1.7,1.4,1.5,1.6,1.7
아르헨티나,348.4,367.6,397.5,412.8,398.8,395.6,378.2,337,366.8,399.9,435.3,470.3,512.7,533.5,501.9,552.7,585.9,579.9,593.9,578.9,594.7,582.4,598.8,583.1,571.5,514.9,570.1,598.3,589
아루바,2.3,2.3,2.5,2.5,2.5,2.7,2.9,2.8,2.9,3.1,3.1,3.1,3.2,3.2,2.9,2.8,2.9,2.8,3,3,3,3,3.2,3.3,3.2,2.5,3.1,3.5,-
바하마,8.5,8.9,9,9.4,10.1,10.5,10.8,11.1,10.9,11,11.4,11.7,11.9,11.6,11.1,11.3,11.3,11.7,11.3,11.6,11.7,11.6,11.9,12.2,12,9.5,10.9,12.1,12.4
바베이도스,3.7,3.9,4.1,4.2,4.2,4.4,4.3,4.3,4.4,4.5,4.7,5,5.1,5.1,4.8,4.7,4.7,4.7,4.6,4.6,4.7,4.9,4.9,4.8,4.9,4.3,4.2,4.8,5
벨리즈,1,1,1.1,1.1,1.2,1.4,1.4,1.5,1.7,1.7,1.8,1.8,1.9,1.9,1.9,1.9,1.9,2,2,2.1,2.2,2.2,2.2,2.2,2.3,2,2.3,2.5,2.6
볼리비아,14.6,15.3,16,16.8,16.9,17.3,17.6,18.1,18.6,19.3,20.2,21.2,22.1,23.5,24.3,25.3,26.6,27.9,29.8,31.5,33,34.4,35.9,37.4,38.2,34.9,37,38.3,39.3
브라질,1066.9,1090.4,1127.4,1131.3,1136.5,1186.4,1202.9,1239.6,1253.8,1326,1368.5,1422.7,1509,1585.9,1583.9,1703.2,1770.8,1804.9,1859.1,1868.5,1802.2,1743.2,1766.2,1797.7,1819.7,1760.1,1843.9,1899.5,1954.8
케이맨제도,-,-,-,-,-,-,-,-,-,-,-,4.6,4.8,4.8,4.4,4.3,4.4,4.4,4.5,4.6,4.7,4.9,5,5.2,5.4,5.2,5.4,5.7,-
칠레,104.9,112.1,120.3,125.4,125,131.2,135.4,139.7,146.3,156.1,165.2,175.2,184.2,191.2,189.1,200.2,212.6,225.7,233.2,237.3,242.5,246.7,250.1,260,261.7,245.6,273.4,279.1,279.7
콜롬비아,150,153.1,158.3,159.2,152.6,157,159.7,163.6,170.1,179.1,187.8,200.4,213.9,220.9,223.4,233.5,249.7,259.5,272.8,285.1,293.5,299.6,303.7,311.5,321.4,298.3,330.5,354.6,356.8
코스타리카,24.5,24.9,26.2,28.1,29.3,30.4,31.5,32.6,34,35.5,36.9,39.6,42.8,44.9,44.5,46.9,48.9,51.3,52.6,54.5,56.4,58.8,61.3,62.9,64.4,61.6,66.5,69.5,73.1
쿠바,36.6,39.5,40.6,40.6,43.1,45.7,47.1,47.8,49.6,52.5,58.4,65.4,70.2,73,74.1,75.9,78,80.4,82.6,83.4,87.1,87.6,89.2,91.2,91,81.1,82.1,83.5,-
도미니카연방,0.4,0.4,0.4,0.4,0.4,0.4,0.4,0.4,0.4,0.5,0.5,0.5,0.5,0.5,0.5,0.5,0.5,0.5,0.5,0.6,0.5,0.6,0.5,0.5,0.6,0.5,0.5,0.5,0.6
도미니카공화국,26.1,27.7,30.1,32.2,34.1,35.7,36.5,38.2,37.7,38.6,42.3,46.2,49.6,51.2,51.7,56,57.7,59.3,62.2,66.6,71.2,75.9,79.4,85,89.3,83.3,93.5,98.1,100.4
에콰도르,47.5,48.4,50.4,52.1,49.6,50.2,52.3,54.9,56.4,60.3,63.5,66.3,67.6,72,72.8,75.7,82.1,86.9,93.2,97.1,97.2,96.5,102.3,103.4,103.5,94,103.2,109.6,112.2
엘살바도르,16,16.1,16.6,17.1,17.4,17.6,17.8,18.1,18.3,18.5,19,19.8,20.2,20.6,20.2,20.6,21.4,22,22.5,22.9,23.4,24,24.6,25.2,25.8,23.7,26.6,27.3,28.3
그레나다,0.5,0.5,0.6,0.6,0.7,0.7,0.7,0.7,0.8,0.8,0.9,0.9,0.9,0.9,0.9,0.9,0.9,0.9,0.9,0.9,1,1,1.1,1.1,1.1,1,1,1.1,1.2
과테말라,30.5,31.4,32.8,34.4,35.7,37,37.9,39.4,40.4,41.6,43,45.3,48.2,49.7,50,51.4,53.6,55.2,57.2,59.7,62.2,63.9,65.8,68.1,70.8,69.5,75.1,78.2,80.9
가이아나,2.5,2.7,2.9,2.8,2.9,2.9,2.9,3,3,3,2.9,3.1,3.3,3.4,3.5,3.6,3.8,4,4.2,4.3,4.3,4.4,4.6,4.8,5.1,7.3,8.7,14.3,19
아이티,9.8,10.3,10.5,10.8,11.1,11.2,11.1,11.2,11.6,11.5,11.8,12,12.6,12.9,13.7,12.9,13.6,13.6,14.2,14.6,14.8,15.1,15.5,15.8,15.5,15,14.7,14.5,14.2
온두라스,10,10.2,10.7,11.1,11,11.8,12.1,12.5,13.1,13.9,14.8,15.7,16.7,17.4,17,17.6,18.3,19.1,19.6,20.2,21,21.8,22.9,23.7,24.3,22.2,24.9,26,26.9
자메이카,13.1,13.1,12.9,12.6,12.7,12.9,13,13.3,13.8,14,14.1,14.5,14.7,14.6,13.9,13.7,14,13.9,14,14.1,14.2,14.4,14.5,14.8,14.9,13.5,14.1,14.8,15.1
니카라과,5.7,6.1,6.3,6.6,7,7.3,7.5,7.6,7.8,8.2,8.6,8.9,9.4,9.7,9.4,9.8,10.4,11.1,11.6,12.2,12.8,13.3,14,13.5,13.1,12.9,14.2,14.7,15.4
파나마,16.6,17.3,18.4,19.7,20.5,21.1,21.2,21.7,22.6,24.3,26,28.3,31.7,34.8,35.2,37.3,41.5,45.5,48.7,51.2,54.1,56.8,59.9,62.2,64.2,52.9,61.2,67.8,72.8
파라과이,20.4,20.7,21.6,21.6,21.3,20.8,20.6,20.6,21.5,22.4,22.8,23.9,25.2,26.9,26.8,29.8,31.1,30.8,33.4,35.2,36.2,37.8,39.6,40.8,40.7,40.3,42,42,44
페루,76.9,79.1,84.2,83.9,85.1,87.4,87.9,92.7,96.6,101.4,107.8,115.9,125.8,137.2,138.7,150.3,159.8,169.6,179.5,183.8,189.8,197.3,202.3,210.3,215,191.5,217.1,223,221.8
푸에르토리코,80.8,82.7,86.7,91.5,96.4,99.6,105.9,106.8,106.9,116.2,113.9,112.3,111,109,106.8,106.4,106,106.1,105.7,104.5,103.4,102.1,99.1,94.8,96.4,92.4,92.7,96,96.6
세인트키츠네비스,0.5,0.5,0.6,0.6,0.6,0.6,0.7,0.7,0.7,0.7,0.7,0.8,0.8,0.9,0.8,0.8,0.8,0.8,0.9,1,1,1,1,1,1,0.9,0.9,1,1
세인트루시아,1.3,1.3,1.3,1.4,1.5,1.5,1.4,1.4,1.5,1.6,1.6,1.7,1.7,1.8,1.7,1.7,1.8,1.8,1.8,1.8,1.8,1.9,1.9,2,2,1.5,1.7,2,2
세인트빈센트그레나딘,0.5,0.5,0.5,0.6,0.6,0.6,0.6,0.6,0.7,0.7,0.7,0.8,0.8,0.8,0.8,0.7,0.7,0.7,0.8,0.8,0.8,0.8,0.8,0.9,0.9,0.8,0.8,0.9,1
수리남,2.7,2.7,2.8,2.9,2.9,2.9,3,3.1,3.3,3.6,3.8,4,4.2,4.4,4.5,4.7,5,5.1,5.3,5.3,5.1,4.9,5,5.2,5.3,4.4,4.3,4.4,4.5
트리니다드토바고,9.2,9.9,10.6,11.5,12.4,13.2,13.8,14.9,17,18.4,19.5,22.1,23.2,23.9,22.9,23.6,23.6,25.3,26.2,27.2,27,25,23.8,23.6,23.7,21.6,21.4,21.7,22.1
터크스케이커스제도,-,-,-,-,-,-,-,-,-,-,-,-,-,-,-,-,0.8,0.8,0.8,0.8,0.9,1,1,1,1.1,0.8,0.9,0.9,0.9
미국령버진아일랜드,-,-,-,-,-,-,-,4.7,4.7,4.8,5,5.2,5.4,5.4,5.1,5.1,4.7,4,3.7,3.7,3.7,3.7,3.7,3.8,3.9,3.8,3.9,-,-
우루과이,31.3,33.1,35.9,37.5,37,36.2,34.8,32.2,32.4,34,36.6,38.1,40.6,43.5,45.3,48.9,51.4,53.2,55.7,57.5,57.7,58.7,59.7,59.8,60.3,55.9,59,61.8,62
알바니아,4.7,5.2,4.6,5,5.7,6.1,6.6,6.9,7.2,7.6,8.1,8.5,9,9.7,10,10.4,10.7,10.8,10.9,11.1,11.4,11.8,12.2,12.7,13,12.5,13.7,14.3,14.8
안도라,1.8,1.8,2,2.1,2.2,2.2,2.4,2.5,2.8,3,3.1,3.3,3.3,3.2,3,2.9,2.9,2.8,2.7,2.8,2.8,2.9,2.9,2.9,3,2.7,2.9,3.2,3.2
오스트리아,268.6,274.9,280.6,290.7,301,311.2,315.1,320.3,323.4,332.2,339.7,351.4,364.5,369.8,355.9,362.4,373,375.6,375.7,378.1,382,389.6,398.4,408,413.9,386.5,402.9,422.2,418.7
벨라루스,19.2,19.8,22,23.9,24.7,26.1,27.3,28.7,30.8,34.3,37.5,41.2,44.8,49.4,49.5,53.3,56.2,57.1,57.7,58.7,56.5,55,56.4,58.2,59,58.6,60.1,57.3,59.5
벨기에,317.6,321.8,334,340.5,352.6,365.7,369.7,376,379.9,393.5,402.7,412.9,428.1,430,421.3,433.4,440.7,444,446,453.1,462.3,468.2,475.8,484.3,495.2,468.9,501.4,516.5,523.5
보스니아-헤르체고비나,3.8,5.8,7.9,9.2,10.1,10.7,10.9,11.5,11.9,12.7,13.2,13.9,14.7,15.5,15,15.2,15.3,15.2,15.5,15.7,16.4,16.9,17.5,18.2,18.7,18.1,19.5,20.3,20.6
불가리아,33.8,35.6,30.6,31.7,29.1,30.4,31.6,33.4,35.2,37.5,40.1,42.8,45.7,48.5,46.9,47.6,48.6,48.9,48.7,49.1,50.8,52.3,53.8,55.2,57.5,55.2,59.4,61.7,62.9
크로아티아,33.8,35.8,38,38.9,38.5,39.7,40.9,43.3,45.7,47.6,49.7,52.2,54.8,55.9,51.9,51.3,51.2,50.1,49.9,49.7,51,52.9,54.7,56.3,58.2,53.3,60.2,64.4,66.4
체코,115.9,120.8,120.2,119.8,121.4,126.3,130.1,132.2,136.9,143.5,152.9,163.3,172.4,177,168.8,172.9,175.9,174.6,174.5,178.4,188,192.8,202.8,209.3,215.6,203.8,211,216,215.3
덴마크,226.7,233.2,240.8,246.2,253.4,262.9,265.1,266.3,267.4,274.5,280.9,291.9,294.6,293.1,278.7,283.9,287.7,288.3,291,295.7,302.7,312.5,321.3,327.7,332.6,324.5,346.8,356.2,363
에스토니아,10.3,10.8,12.2,12.7,12.6,13.9,14.7,15.7,16.9,18.1,19.8,21.8,23.4,22.2,19,19.4,20.8,21.5,21.8,22.5,22.9,23.6,25,25.9,27,26.7,28.6,28.5,27.7
페로제도,-,-,-,-,-,-,-,-,-,-,-,-,-,2.2,2.1,2.1,2.1,2.3,2.4,2.5,2.6,2.6,2.7,2.8,2.9,2.8,3,3.2,-
핀란드,152.8,158.4,168.4,177.6,185.4,196.1,201.2,204.7,208.8,217.1,223.1,232.1,244.4,246.3,226.4,233.6,239.6,236.3,234.1,233.3,234.5,241.1,248.8,251.7,254.7,248.7,255.8,259.2,256.5
프랑스,1771.1,1796.2,1838.1,1904.1,1969.2,2046.5,2087.1,2110.8,2128.2,2188.4,2224.8,2279.3,2334.6,2340.5,2273.3,2317.6,2368.4,2375.8,2389.5,2412.3,2439.2,2465.9,2522.4,2569.5,2616.8,2419.5,2575.2,2638.4,2657
독일,2583.3,2604.1,2650.8,2704.2,2755.2,2835.5,2883.2,2877.5,2857.3,2890.9,2912,3023.2,3113.2,3143,2964.1,3088,3209.2,3222.6,3236.7,3308.2,3357.6,3432.5,3524.5,3559,3597.3,3459.7,3569.1,3633.6,3622.5
그리스,168.4,173.3,181,188.1,193.9,201.4,209.8,218,230.6,242.3,243.8,257.5,266,265.1,253.7,239.8,215.4,200.2,195.1,196.1,195.7,194.7,196.9,200.1,203.9,184.9,200.4,211.5,215.8
헝가리,79.3,79.3,81.8,85,87.6,91.6,95.3,99.8,103.9,109.1,113.8,118.3,118.6,119.8,111.9,113.1,115.2,113.7,115.8,120.7,125.2,127.9,133.4,140.5,147.4,140.8,150.7,157.6,156.2
아이슬란드,9.1,9.6,10.1,10.9,11.3,11.9,12.3,12.4,12.7,13.7,14.5,15.4,16.7,17.1,15.8,15.3,15.6,15.8,16.5,16.8,17.5,18.6,19.4,20.4,20.7,19.3,20.3,22.1,23
아일랜드,101.7,109.3,121.3,131.9,145.8,159.5,168,177.9,183.3,195.7,206.9,217.3,228.8,218.5,207.4,210.9,213.6,213.3,215.8,234.9,292.4,297.5,325.2,352.8,371.5,396,456,499,483
맨섬,2.2,2.4,2.6,2.9,3.3,3.5,3.7,3.9,4.2,4.4,4.6,5,5.4,5.6,5.7,5.9,6.1,6.5,6.8,7.1,7.1,7.6,7.8,8,8,7.3,7.6,-,-
이탈리아,1663.6,1684.6,1715.5,1746.5,1774.9,1842.1,1878.1,1882.8,1885.5,1912.3,1927.9,1962.5,1991.6,1972.5,1868.3,1900.3,1913.8,1856.7,1822.5,1822.5,1836.6,1860.4,1891.4,1908.9,1918.2,1746,1891.1,1966.5,1984.6
코소보,-,-,-,-,-,-,-,-,-,-,-,-,-,4.6,4.8,5,5.4,5.5,5.8,5.9,6.3,6.6,7,7.2,7.5,7.1,7.9,8.3,8.5
라트비아,12.4,12.7,13.8,14.7,15.1,15.9,16.9,18.1,19.7,21.3,23.6,26.4,29,28.1,24.1,23,23.6,25.2,25.8,26.2,27.3,27.9,28.8,30,30.2,29.1,31.1,32,31.9
리히텐슈타인,-,-,-,-,-,-,-,-,-,-,-,-,-,-,-,-,-,-,-,-,6.3,-,-,-,-,-,-,-,-
리투아니아,17.9,18.8,20.4,21.9,21.7,22.5,23.9,25.6,28.3,30.1,32.4,34.9,38.7,39.7,33.8,34.4,36.5,37.9,39.2,40.6,41.4,42.5,44.3,46.1,48.2,48.2,51.2,52.5,52.3
룩셈부르크,30.6,31,32.7,34.9,37.8,40.4,41.6,43,44.1,45.9,47.1,49.9,54,53.8,52.1,54,54.6,55.5,57.2,58.7,60.1,63.1,63.9,64.7,66.6,66,70.7,71.7,70.9
북마케도니아,5.7,5.8,5.9,6.1,6.4,6.7,6.4,6.5,6.7,7,7.3,7.7,8.2,8.7,8.6,8.9,9.1,9.1,9.4,9.7,10.1,10.4,10.5,10.8,11.2,10.7,11.1,11.4,11.5
몰타,4.7,4.8,5.1,5.4,5.6,6.7,6.6,6.8,7.1,7.1,7.3,7.5,7.9,8.2,8.1,8.5,8.6,8.9,9.4,10.1,11.1,11.5,12.7,13.7,14.6,13.4,15.1,16.3,17.3
몰도바,4.5,4.2,4.3,4,3.9,3.9,4.2,4.5,4.8,5.2,5.5,5.8,6,6.5,6.1,6.5,6.9,6.8,7.5,7.8,7.8,8.2,8.5,8.8,9.2,8.4,9.6,9.1,9.2
모나코,3.4,3.4,3.5,3.6,3.8,3.9,4,4,4.1,4.2,4.3,4.5,5.2,5.2,4.6,4.7,5,5.1,5.6,6,6.3,6.4,6.3,6.6,7.1,6.2,7.5,8.3,-
네덜란드,520.9,539.1,562.5,588.7,618.4,644.3,659.3,660.7,661.8,674.9,688.7,712.6,739.4,755.5,727.8,737.6,749,741.3,740.3,750.9,765.6,782.4,805.1,824.1,840.3,807.6,857.6,894.7,895.8
노르웨이,254.5,267.3,281.4,288.9,294.9,304.7,311,315.3,318.3,331,339.9,348.3,358.4,360.2,353.2,356,359.9,369.7,373.4,381.1,388.2,392.7,402.4,405.7,410.2,405,420.8,433.5,435.7
폴란드,217.2,230.5,245.4,256.8,268.7,281,284.5,290.3,300.5,315.4,326.5,346.5,371,386.6,397.5,409.2,429.8,436.4,440.2,457.1,477.1,491.2,516.5,547.2,571.5,560,598.8,632.5,633.6
포르투갈,158.3,163.9,171.1,179.3,186.3,193.4,197.2,198.7,196.8,200.3,201.9,205.2,210.3,211,204.4,208,204.4,196.2,194.3,195.9,199.4,203.4,210.6,216.6,222.4,203.9,215.6,230.3,235.5
루마니아,103.7,107.7,102.5,100.4,100,102.5,107.9,114,116.7,128.8,134.9,145.7,156.2,170.8,161.3,155,162,165.2,165.6,172.4,177.9,183,198,209.9,218,210,222,231.1,236
러시아,721.5,694.4,704.1,666.8,709.5,780.4,820.2,858.8,921.5,987.8,1051,1137.2,1233.9,1298.1,1196.8,1250.7,1304.4,1356.9,1380.8,1390.9,1363.5,1366.1,1391.1,1430.1,1461.6,1422.8,1502.6,1471.5,1524.5
산마리노,-,-,1.2,1.3,1.5,1.5,1.6,1.6,1.6,1.7,1.8,1.8,2,1.9,1.7,1.7,1.5,1.4,1.4,1.4,1.4,1.5,1.5,1.5,1.5,1.4,1.5,-,-
슬로바키아,40.4,43.1,45.7,47.5,47.5,48,49.6,51.8,54.7,57.6,61.4,66.6,73.8,77.9,73.7,78.6,80.7,81.8,82.3,84.5,88.9,90.6,93.3,97.1,99.5,96.2,100.8,102.6,104.3
슬로베니아,26.4,27.3,28.6,29.6,31.2,32.3,33.3,34.5,35.5,37.1,38.5,40.7,43.5,45.1,41.7,42.2,42.6,41.5,41,42.2,43.1,44.5,46.6,48.7,50.4,48.3,52.3,53.5,54.4
스페인,794.6,815.7,845.9,883.1,922.7,971.1,1009.3,1036.9,1067.8,1101.1,1141.3,1188.2,1231,1241.9,1195.2,1197.1,1187.4,1152.3,1136.1,1151.9,1196.2,1232.5,1269.2,1298.2,1323.9,1176.1,1251.4,1323.6,1356.7
스웨덴,305.8,310.7,320.2,334,348.2,364.8,370.1,378.2,387,403.7,415.3,434.6,449.6,447.6,428.1,453.6,468.1,465.4,470.9,483.4,505.1,515.6,528.8,539.1,549.8,537.9,571,586.2,585
스위스,473.6,475.8,486.6,501.3,509.7,529.8,538.2,537.8,537.6,552.1,567.3,590.4,613.6,630.8,616.3,636.3,647.8,655.5,667.2,682.9,694.1,708.5,718.1,738.7,747.1,731.1,770.5,790.3,796
우크라이나,77.2,69.4,67.4,66.1,65.9,69.8,76,80,87.7,98,101,108.7,117.6,120.2,102,106.2,112,112.1,112.2,100.9,91,93.3,95.5,98.8,101.9,98.1,101.5,72.3,76.1
영국,1915.2,1964.6,2061.4,2131.8,2197.1,2292,2351.1,2393.2,2468.5,2528.4,2597.7,2659.7,2729.4,2723.2,2597.5,2655.7,2686.1,2726.7,2775.6,2864.3,2927.9,2984.2,3063.4,3106.4,3157.4,2830.3,3075.8,3209.5,3212.8
몬테네그로,-,-,2.7,2.9,2.6,2.7,2.7,2.8,2.8,3,3.1,3.3,3.6,3.8,3.6,3.7,3.8,3.7,3.9,3.9,4.1,4.2,4.4,4.6,4.8,4,4.6,4.9,5.2
세르비아,21.2,22.5,24.2,25,22.6,24,25.7,27.3,28.5,31.1,32.8,34.5,36.7,38.7,37.7,38,38.7,38.5,39.6,39,39.7,41,41.8,43.7,45.6,45.2,48.7,49.9,51.2
알제리,92.7,96.5,97.5,102.5,105.8,109.8,113.1,119.2,127,132.7,139.8,143.9,148.4,152.1,153.9,161.3,166.1,170.1,174.5,181.7,187.5,194.8,197.7,200.5,202.3,192.2,199.5,206.7,215.1
앙골라,23.3,26.5,28.4,29.7,30.4,31.3,32.6,37.1,38.2,42.4,48.7,54.4,62,68.9,69.5,72.6,75.1,81.5,85.5,89.7,90.5,88.2,88,86.9,86.3,81.4,82.4,84.9,85.6
베냉,4.9,5.1,5.4,5.6,5.9,6.2,6.6,6.9,7.1,7.4,7.5,7.8,8.3,8.7,8.9,9.1,9.4,9.8,10.5,11.2,11.4,11.8,12.4,13.3,14.2,14.7,15.8,16.8,17.8
보츠와나,6.6,7,7.6,7.6,8.3,8.5,8.5,9,9.4,9.7,10.1,11,11.6,12,10.3,11.4,12.1,12.1,13.5,14.2,13.5,14.5,15.1,15.7,16.2,14.8,16.6,17.5,17.9
부르키나파소,3.7,4.1,4.4,4.7,5,5.1,5.4,5.7,6.1,6.4,7,7.4,7.7,8.1,8.4,9.1,9.7,10.3,10.9,11.4,11.8,12.5,13.3,14.2,15,15.3,16.4,16.7,17.2
부룬디,2.1,1.9,1.9,2,2,2,2,2.1,2.1,2.2,2.2,2.3,2.4,2.5,2.6,2.7,2.8,3,3.1,3.2,3.1,3.1,3.1,3.2,3.2,3.2,3.3,3.4,3.5
카메룬,13.9,14.5,15.1,15.8,16.5,17.2,17.9,18.7,19.7,21.1,21.6,22.4,23.4,24.1,24.7,25.4,26.2,27.5,28.8,30.5,32.2,33.7,34.9,36.2,37.5,37.6,38.9,40.2,41.9
카보베르데,0.5,0.6,0.6,0.7,0.8,0.9,0.9,1,1,1.1,1.2,1.3,1.5,1.6,1.6,1.6,1.7,1.7,1.7,1.7,1.7,1.8,1.9,2,2.1,1.7,1.8,2.1,2.2
중앙아프리카공화국,1.6,1.5,1.6,1.7,1.7,1.7,1.8,1.8,1.7,1.8,1.8,1.9,2,2.1,2.2,2.3,2.4,2.6,1.6,1.6,1.7,1.8,1.9,1.9,2,2,2,2,2.1
차드,2.8,2.8,3,3.2,3.2,3.1,3.5,3.8,4.4,5.8,6.8,6.9,7.1,7.3,7.6,8.7,8.7,9.4,10,10.7,11,10.3,10,10.2,10.5,10.4,10.2,10.5,11
코모로,0.5,0.5,0.6,0.6,0.6,0.6,0.7,0.7,0.7,0.7,0.7,0.7,0.7,0.8,0.8,0.8,0.9,0.9,0.9,1,1,1,1,1.1,1.1,1.1,1.1,1.1,1.2
콩고,5.8,6,6,6.2,6,6.5,6.7,7,7.1,7.3,7.9,8.5,8,8.5,9.5,10.4,10.6,11.7,11.6,12.4,12.4,11.4,10.7,10.5,10.6,9.9,10,10.2,10.4
콩고민주공화국,20.2,20,18.9,18.5,17.8,16.5,16.2,16.7,17.6,18.8,19.9,21,22.3,23.7,24.4,26.1,27.9,29.9,32.4,35.5,37.9,38.8,40.3,42.6,44.5,45.3,48.1,52.4,56.8
코트디부아르,24.5,26.4,28.9,30.1,30.5,30.4,29.8,28.9,27.6,28.4,28.7,29.5,29.9,31.3,32.4,34.6,32.8,35.3,39.1,42.7,45.8,49.1,52.7,55.3,59,59.4,63.6,67.6,72
지부티,-,-,-,-,-,-,-,-,-,-,-,-,-,-,-,-,-,-,2.1,2.3,2.4,2.6,2.7,2.9,3,3.1,3.2,3.3,3.5
이집트,136.2,143,150.9,159.3,168.9,179.7,186,190.5,196.6,204.6,213.8,228.4,244.6,262.1,274.3,288.4,293.5,300.1,306.6,315.6,329.4,343.7,358.1,377.1,398.1,412.2,425.8,453.8,470.9
적도기니,0.4,0.6,1.5,1.8,2.3,2.7,4.4,5.3,6,8.3,9.7,10.4,12,14.2,14.3,13.1,13.9,15.1,14.4,14.5,13.2,12,11.3,10.6,10.1,9.6,9.7,10,9.4
에리트레아,1.6,1.8,1.9,2,2,1.9,2.1,2.1,2.1,2.1,2.2,2.1,2.2,2,2,2.1,2.3,-,-,-,-,-,-,-,-,-,-,-,-
에티오피아,13.9,15.6,16.1,15.6,16.4,17.4,18.8,19.1,18.7,21.2,23.7,26.3,29.3,32.4,35.3,39.7,44.2,48,53.1,58.5,64.6,70.7,77.4,82.7,89.6,95.1,100.4,105.8,112.7
가봉,9.6,9.9,10.5,10.8,9.9,9.7,9.9,9.9,10.1,10.2,10.4,10.1,10.8,10.4,10.4,11.1,11.9,12.6,13.3,13.8,14.4,14.7,14.8,14.9,15.5,15.2,15.4,15.9,16.2
감비아,0.8,0.8,0.8,0.9,0.9,1,1,1,1.1,1.1,1.1,1.1,1.1,1.2,1.3,1.4,1.2,1.3,1.3,1.3,1.4,1.4,1.5,1.6,1.7,1.7,1.8,1.9,2
가나,16.2,17,17.7,18.5,19.3,20.1,20.9,21.8,22.9,24.2,25.7,27.3,28.5,31.1,32.6,35.2,40.1,43.8,47,48.4,49.4,51.1,55.2,58.6,62.5,62.8,66,68.5,70.5
기니,4.3,4.5,4.7,4.9,5.1,5.2,5.4,5.6,5.7,5.8,6,6.1,6.5,6.8,6.7,7,7.4,7.9,8.2,8.5,8.8,9.7,10.7,11.4,12.1,12.7,13.2,13.8,14.8
기니비사우,0.6,0.7,0.8,0.6,0.7,0.7,0.7,0.8,0.8,0.8,0.8,0.8,0.9,0.9,0.9,1,1.1,1,1.1,1.1,1.2,1.2,1.3,1.3,1.4,1.4,1.5,1.6,1.6
케냐,32.9,34.3,34.5,35.6,36.4,36.6,38,38.2,39.3,41.4,43.8,46.6,49.8,49.9,51.6,55.7,58.6,61.3,63.6,66.8,70.1,73.1,75.9,80.2,84.3,84,90.4,94.8,99.9
레소토,1.3,1.3,1.4,1.4,1.4,1.5,1.5,1.5,1.6,1.6,1.7,1.7,1.8,1.9,1.9,2,2.1,2.2,2.2,2.3,2.4,2.4,2.4,2.3,2.3,2.1,2.2,2.2,2.2
라이베리아,0.5,0.5,1.1,1.4,1.7,2.2,2.3,2.4,1.6,1.7,1.8,1.9,2.1,2.3,2.4,2.5,2.7,2.9,3.2,3.2,3.2,3.2,3.3,3.3,3.2,3.1,3.3,3.4,3.6
리비아,53.2,54.3,57.2,55.1,55.5,57.6,56.6,56,63.3,66.1,74,78.8,83.7,83.6,79.9,83.9,41.7,77.9,63.8,49.1,48.7,48,63.6,68.6,64.5,26.9,68.2,69.1,67.9
마다가스카르,6.4,6.5,6.8,7,7.4,7.7,8.1,7.1,7.8,8.2,8.6,9.1,9.6,10.3,9.9,9.9,10.1,10.4,10.6,11,11.3,11.8,12.2,12.6,13.2,12.2,12.9,13.4,14
말라위,3.9,4.2,4.4,4.5,4.7,4.7,4.5,4.6,4.8,5.1,5.3,5.5,6,6.5,7,7.5,7.9,8.1,8.5,9,9.2,9.4,9.8,10.3,10.8,10.9,11.2,11.3,11.5
말리,4.9,5.3,5.5,5.9,6.3,6.3,7.2,7.4,8.1,8.2,8.8,9.2,9.5,10,10.5,11,11.4,11.3,11.5,12.3,13.1,13.9,14.6,15.3,16,15.8,16.3,16.9,17.8
모리타니,3.3,3.5,3.3,3.4,3.5,3.4,3.4,3.4,3.7,3.8,4.2,4.9,4.8,4.8,4.8,5,5.2,5.4,5.6,5.9,6.2,6.2,6.6,7,7.2,7.1,7.2,7.7,7.9
모리셔스,5.1,5.4,5.7,6.1,6.2,6.7,7,7.1,7.5,7.8,8,8.3,8.8,9.3,9.6,10,10.4,10.8,11.2,11.6,12,12.5,13,13.5,13.9,11.9,12.3,13.3,14.3
모로코,45.4,51,50.2,53.8,54.7,56.2,60.5,62.8,66.6,69.7,71.9,77.5,80.2,84.7,87.9,91,96,98.9,103,105.8,110.4,111,116.6,120.2,123.7,114.8,124,125.5,129.5
모잠비크,3.4,3.7,4.2,4.6,5.2,5.2,5.9,6.4,6.9,7.5,8,8.7,9.4,10.1,10.7,11.4,12.2,13.1,14,15.1,16.2,17,17.4,18,18.4,18.2,18.7,19.5,20.4
나미비아,4.7,4.9,5.1,5.2,5.4,5.6,5.7,5.9,6.2,7,7.1,7.6,8,8.3,8.3,8.8,9.2,9.7,10.2,10.9,11.3,11.3,11.2,11.3,11.2,10.3,10.7,11.3,11.7
니제르,4.1,4.1,4.2,4.6,4.6,4.5,4.9,5.1,5.2,5.2,5.6,5.9,6.1,6.6,6.7,7.3,7.5,8.3,8.7,9.3,9.7,10.2,10.8,11.5,12.2,12.6,12.8,14.3,14.7
나이지리아,154.6,161.1,165.8,170.1,171.1,179.7,190.3,219.5,235.6,257.4,274,290.6,309.7,330.7,357.3,385.9,406.3,423.5,451.8,480.3,493,485.1,489,498.4,509.4,500.2,518.5,535.3,550.6
르완다,1.7,2,2.2,2.4,2.5,2.7,3,3.4,3.4,3.7,4,4.4,4.7,5.3,5.6,6,6.5,7.1,7.4,7.8,8.5,9.1,9.4,10.2,11.2,10.8,12,12.9,14
상투메프린시페,0.1,0.1,0.1,0.1,0.1,0.1,0.1,0.1,0.2,0.2,0.2,0.2,0.2,0.2,0.2,0.2,0.2,0.2,0.2,0.3,0.3,0.3,0.3,0.3,0.3,0.3,0.3,0.3,0.3
세네갈,8.5,8.7,8.9,9.5,10.1,10.5,10.9,10.9,11.5,12.1,12.6,12.9,13.2,13.7,14.1,14.6,14.8,15.4,15.7,16.7,17.8,18.9,20.3,21.6,22.6,22.9,24.4,25.3,26.2
세이셸,0.7,0.8,0.9,0.9,0.9,0.9,0.9,0.9,0.9,0.9,0.9,1,1.1,1.1,1.1,1.1,1.2,1.2,1.3,1.3,1.4,1.6,1.7,1.8,1.9,1.7,1.7,1.9,2
시에라리온,1.8,1.8,1.7,1.8,1.7,1.8,1.7,2.2,2.4,2.5,2.6,2.8,3,3.1,3.2,3.5,3.7,4.2,5.1,5.3,4.3,4.5,4.7,4.9,5.1,5,5.2,5.4,5.6
소말리아,2,2.2,2.2,2.4,2.5,2.7,2.9,3.1,3.4,3.6,3.9,4.1,4.4,4.7,5,5.3,5.7,6.1,5.9,6.4,7,7.4,8.1,8.4,8.7,8.5,8.7,9,9.2
남아프리카공화국,193.2,201.5,206.7,207.8,212.8,221.7,227.7,236.1,243.1,254.1,267.5,282.5,297.7,307.2,302.5,311.7,321.5,329.2,337.4,342.2,346.7,349,353.1,358.6,359.5,338,353.9,360.7,362.9
남수단,-,-,-,-,-,-,-,-,-,-,-,-,-,20.2,21.2,22.4,21.3,11.5,13,13.4,12,-,-,-,-,-,-,-,-
수단,26.2,27.8,32.9,34.3,35.4,37.6,40.1,42.5,45.1,47.5,50.1,53.4,56.5,58.6,57,59.2,57.3,47.6,48.5,50.8,51.7,53.5,53.9,52.5,51.3,49.4,48.5,48.1,42.3
에스와티니,2.2,2.2,2.3,2.4,2.4,2.5,2.5,2.6,2.7,2.8,3,3.2,3.3,3.3,3.4,3.5,3.6,3.8,3.9,4,4.1,4.1,4.2,4.3,4.4,4.3,4.8,4.8,5.1
탄자니아,15,15.7,16.3,16.9,17.7,18.5,19.6,21,22.4,24.1,25.9,27.6,29.4,31.1,32.8,34.8,37.5,39.2,41.8,44.7,47.4,50.7,54.1,57.1,60.4,61.6,64.2,67.2,70.6
토고,2.8,3.1,3.5,3.4,3.5,3.5,3.5,3.7,3.9,3.9,3.7,3.8,3.7,3.9,4.1,4.3,4.6,4.9,5.2,5.5,5.8,6,6.2,6.5,6.9,7,7.4,7.8,8.3
튀니지,21.3,22.8,24,25.2,26.7,28,29,29.4,30.8,32.7,33.9,35.6,38,39.6,40.8,42.1,41.2,42.9,44,45.3,45.8,46.3,47.3,48.6,49.3,45.1,47.2,48.4,48.6
우간다,9.1,9.9,10.5,11,11.8,12.2,12.9,14,14.9,15.9,16.9,18.7,20.3,22.1,23.6,24.9,27.2,28.3,29.3,30.8,32.4,33.9,35,37.2,39.6,40.8,42.2,44.1,46.5
잠비아,6.7,7.2,7.4,7.4,7.8,8.1,8.5,8.9,9.5,10.2,10.9,11.7,12.7,13.7,15,16.5,17.4,18.8,19.7,20.6,21.3,22,22.8,23.7,24.1,23.4,24.9,26.2,27.7
짐바브웨,17.7,19.5,20.1,20.6,20.5,19.8,20.1,18.3,15.2,14.3,13.5,13,12.6,10.4,11.6,14.1,16.1,18.7,19.3,19.6,20,20.1,21,22,20.6,19,20.6,22,23.1
미국령사모아,-,-,-,-,-,-,-,0.7,0.8,0.8,0.8,0.7,0.7,0.7,0.7,0.7,0.7,0.7,0.6,0.7,0.7,0.7,0.6,0.6,0.6,0.7,0.7,0.7,-
오스트레일리아,707.8,735.1,763.9,799.5,839.7,872.6,890.3,925.7,954.3,994.7,1026,1054.3,1094.1,1133.3,1154.8,1180.5,1208.9,1256.3,1289,1322.6,1351.8,1389.3,1421.6,1462.9,1494.8,1489.8,1521.2,1586.2,1634
피지,3,3.1,3.1,3.1,3.4,3.3,3.4,3.5,3.5,3.7,3.8,3.8,3.8,3.8,3.8,3.9,4,4.1,4.2,4.5,4.7,4.8,5.1,5.2,5.2,4.3,4.1,4.9,5.3
프랑스령폴리네시아,5.1,5.1,5.1,5.1,5.2,5.4,5.4,5.4,5.6,5.6,5.6,5.7,5.8,5.8,5.5,5.4,5.2,5.2,5.2,5.2,5.3,5.5,5.7,5.8,6,5.5,5.6,5.9,-
괌,-,-,-,-,-,-,-,4.8,4.8,5.2,5.3,5.1,5.2,5.3,5.3,5.4,5.4,5.6,5.7,5.8,5.8,5.8,5.9,5.8,6,5.3,5.4,5.7,-
키리바시,0.1,0.1,0.1,0.1,0.1,0.1,0.1,0.1,0.1,0.1,0.1,0.1,0.1,0.1,0.1,0.1,0.1,0.2,0.2,0.2,0.2,0.2,0.2,0.2,0.2,0.2,0.2,0.3,0.3
마셜제도,0.2,0.2,0.2,0.2,0.2,0.2,0.2,0.2,0.2,0.2,0.2,0.2,0.2,0.2,0.2,0.2,0.2,0.2,0.2,0.2,0.2,0.2,0.2,0.2,0.2,0.2,0.2,0.2,0.2
미크로네시아,0.3,0.3,0.3,0.3,0.3,0.3,0.3,0.3,0.3,0.3,0.3,0.3,0.3,0.3,0.3,0.3,0.3,0.3,0.3,0.3,0.3,0.3,0.3,0.3,0.3,0.3,0.3,0.3,0.3
나우루,0.1,0.1,0.1,0.1,0,0,0,0,0,0,0,0,0,0.1,0,0,0.1,0.1,0.1,0.1,0.1,0.1,0.1,0.1,0.1,0.1,0.1,0.1,0.1
뉴칼레도니아,-,-,-,-,-,-,-,-,-,-,-,-,-,-,-,-,-,-,-,-,8.7,-,-,-,-,-,-,-,-
뉴질랜드,102.9,106.6,108.8,109.8,115.7,119,123.1,128.9,135,140.5,145.2,149.2,153.8,151.9,151.8,154,157.4,161,165.5,171.7,178.1,184.8,191.1,197.7,202.4,201.6,210.7,216.6,217.9
북마리아나제도,-,-,-,-,-,-,-,1.6,1.6,1.6,1.4,1.3,1.2,1.1,0.9,0.9,0.8,0.8,0.8,0.9,0.9,1.2,1.4,1.2,1,0.7,-,-,-
팔라우,0.2,0.2,0.2,0.3,0.2,0.2,0.2,0.3,0.3,0.3,0.3,0.3,0.3,0.3,0.2,0.2,0.3,0.3,0.2,0.3,0.3,0.3,0.3,0.3,0.3,0.3,0.2,0.2,0.2
파푸아뉴기니,11.1,12,11.5,11.1,11.3,11,11,11,11.2,11.5,12.3,12.9,13.9,13.9,14.8,16.3,16.5,17.3,18,20.4,21.7,22.9,23.7,23.7,24.7,23.9,23.8,25,25.6
사모아,0.5,0.5,0.5,0.5,0.5,0.5,0.6,0.6,0.6,0.7,0.7,0.7,0.7,0.7,0.7,0.8,0.8,0.8,0.8,0.8,0.8,0.9,0.9,0.9,0.9,0.9,0.8,0.8,0.9
솔로몬제도,0.9,0.9,0.9,0.9,0.9,0.8,0.7,0.7,0.7,0.8,0.8,0.9,0.9,1,1,1.1,1.2,1.2,1.3,1.3,1.3,1.4,1.4,1.5,1.5,1.4,1.5,1.5,1.6
통가,0.3,0.3,0.3,0.3,0.4,0.4,0.4,0.4,0.4,0.4,0.4,0.4,0.4,0.4,0.4,0.4,0.4,0.4,0.4,0.4,0.4,0.5,0.5,0.5,0.5,0.5,0.5,0.5,-
투발루,0,0,0,0,0,0,0,0,0,0,0,0,0,0,0,0,0,0,0,0,0,0,0,0,0,0,0,0,0
바누아투,0.5,0.5,0.5,0.5,0.5,0.5,0.5,0.5,0.5,0.5,0.5,0.6,0.6,0.6,0.7,0.7,0.7,0.7,0.7,0.7,0.7,0.8,0.8,0.8,0.9,0.8,0.8,0.8,0.8
