,year,month,wti,coal,lng,date,m2,unemploy,interest,wti_modified,dollar_idx
0,1995,01,1.0,1.0,1.0,1995-01-01,1.0,5.6,4.94,1.0,1.0
1,1995,02,1.0314916428553362,1.013477088948787,1.047337278106509,1995-02-01,0.9992841598900469,5.4,5.25,1.0197863218166217,0.9879443279278257
2,1995,03,1.0314045697964225,1.0336927223719676,1.1242603550295858,1995-03-01,0.9996277631428244,5.4,5.56,0.9775105442916161,0.9473941724260745
3,1995,04,1.0994715149063135,1.0,1.1301775147928994,1995-04-01,1.0019470850990722,5.8,6.3,1.0158105222020501,0.9257069218569403
4,1995,05,1.0955483898630263,1.0450134770889488,1.0976331360946745,1995-05-01,1.0091054861986026,5.6,6.1,1.0167995970684662,0.9365702704328774
5,1995,06,1.024502490707257,1.098921832884097,1.13905325443787,1995-06-01,1.0161779864849387,5.6,6.04,0.9385450050172335,0.9309189407294756
6,1995,07,0.9634587898425848,1.1064690026954176,1.0710059171597635,1995-07-01,1.0214752032985912,5.7,6.11,0.8743218443133601,0.9269707153891947
7,1995,08,1.0031300126102027,1.1018867924528302,0.9822485207100592,1995-08-01,1.0276600618485854,5.7,5.55,0.935374464303254,0.9582476526011307
8,1995,09,1.0133403653518962,1.103234501347709,0.9911242603550297,1995-09-01,1.0314110640247394,5.6,5.72,0.9534657375757949,0.9704687038324772
9,1995,10,0.9703896629327147,1.1043126684636118,1.0147928994082842,1995-10-01,1.0346466613217271,5.5,6.2,0.8929908760756781,0.9521227026781801
10,1995,11,1.000202290944948,1.0671159029649597,1.0088757396449706,1995-11-01,1.0365078456076051,5.6,5.76,0.9198126101671761,0.9532001631653564
11,1995,12,1.0595132735370936,1.0606469002695418,1.0207100591715976,1995-12-01,1.0392566716298248,5.6,5.56,0.9821165234876801,0.9633396530701673
12,1996,01,1.0514555603074383,1.061185983827493,1.0621301775147929,1996-01-01,1.044525254839079,5.6,4.73,0.9823464096523504,0.9758716132352331
13,1996,02,1.061394097680035,1.0587601078167115,1.1272189349112427,1996-02-01,1.048505325850418,5.5,5.27,0.9899101346943993,0.9778894103604416
14,1996,03,1.1868000341968008,1.0514824797843665,1.1124260355029585,1996-03-01,1.0556923605543467,5.5,5.81,1.102163963294198,0.9804061700381124
15,1996,04,1.3090752775178904,1.0601078167115903,1.1301775147928994,1996-04-01,1.0587847898293437,5.6,5.53,1.2251312710746145,0.9908905756875886
16,1996,05,1.1830810010323414,1.0296495956873315,1.1301775147928994,1996-05-01,1.0621921887527201,5.6,5.41,1.1144585105791702,1.0005816369236287
17,1996,06,1.13702177156295,1.0296495956873315,1.121301775147929,1996-06-01,1.065885923720078,5.3,5.31,1.0650575591794373,0.9984240308086093
18,1996,07,1.1854271362308568,1.0350404312668462,1.121301775147929,1996-07-01,1.0700664299622036,5.5,7.8,1.0947507759842428,0.9882143058412952
19,1996,08,1.2198396844261268,1.0336927223719676,1.1449704142011834,1996-08-01,1.072042148665674,5.1,6.29,1.1151755660244071,0.980059285825493
20,1996,09,1.3301135357928535,1.0269541778975741,1.1272189349112427,1996-09-01,1.0747337074790975,5.2,5.28,1.2258510291152334,0.9904894476190477
21,1996,10,1.3852356194775395,1.013477088948787,1.1952662721893492,1996-10-01,1.080288626732333,5.2,5.53,1.2782737243091582,0.996873417637638
22,1996,11,1.318802100454313,0.9622641509433962,1.304733727810651,1996-11-01,1.0866739205131142,5.4,5.19,1.1962771593571673,0.9857151352209108
23,1996,12,1.4194755607252103,0.9528301886792453,1.2781065088757397,1996-12-01,1.0934028175466728,5.4,5.44,1.3048039361836439,1.005072816780513
24,1997,01,1.4018036876319961,0.9495956873315363,1.2692307692307694,1997-01-01,1.097984194250372,5.3,6.26,1.315153836366777,1.0301143719901151
25,1997,02,1.2359319290970232,0.9326145552560647,1.3017751479289943,1997-02-01,1.1013343259649524,5.2,5.37,1.2015332490163848,1.0706817906199253
26,1997,03,1.166667268723052,0.9299191374663073,1.2159763313609468,1997-03-01,1.1056007330202726,5.2,5.5,1.1424872987650547,1.0826864084080545
27,1997,04,1.0967709307912075,0.954177897574124,1.1005917159763314,1997-04-01,1.1101248425151757,5.1,6.18,1.078753594020841,1.0918881327490655
28,1997,05,1.1601385692972883,0.9630727762803233,1.1035502958579881,1997-05-01,1.1136181422517466,4.9,5.73,1.1236337589167704,1.0785771392241268
29,1997,06,1.0656325746218789,0.9299191374663073,1.0828402366863905,1997-06-01,1.118428587790631,5.0,5.58,1.0300441635716593,1.0810769740538484
30,1997,07,1.0917752239767513,0.9433962264150944,1.0355029585798816,1997-07-01,1.1235540029778948,4.9,6.24,1.0728968704264186,1.1041261489331322
31,1997,08,1.1085471536580362,0.9954177897574124,1.0147928994082842,1997-08-01,1.1331462604512657,4.8,5.65,1.1078864789350944,1.1324709250907392
32,1997,09,1.1004880269046937,1.0013477088948786,1.0355029585798816,1997-09-01,1.1376417363417706,4.9,5.52,1.077657541990135,1.1140404686634877
33,1997,10,1.1829116923066791,1.0013477088948786,1.0355029585798816,1997-10-01,1.14313938838621,4.7,5.65,1.1378210762199312,1.0995648260324895
34,1997,11,1.1164942979239887,0.9056603773584906,1.0739644970414202,1997-11-01,1.1495819493757875,4.6,5.56,1.0605021003564858,1.091930405835288
35,1997,12,1.018561293606616,0.8463611859838274,1.0828402366863905,1997-12-01,1.1547646317718474,4.7,5.92,0.9874922184521454,1.119540959563368
36,1998,01,0.9316256606063676,0.8463611859838274,1.0236686390532546,1998-01-01,1.1614362615966096,4.6,5.84,0.9134984438682967,1.138837477845083
37,1998,02,0.8934735883884993,0.9013477088948786,0.8816568047337279,1998-02-01,1.1707994502347956,4.6,5.48,0.8639211717334933,1.1320742393024876
38,1998,03,0.8355880344906033,0.859299191374663,0.8313609467455622,1998-03-01,1.1780723857519184,4.7,5.57,0.8073717412717646,1.1382910168269105
39,1998,04,0.8485093685993893,0.8404312668463612,0.772189349112426,1998-04-01,1.1854884892910318,4.3,5.72,0.8131486591560182,1.1360845397654338
40,1998,05,0.8259467035606839,0.8161725067385445,0.7899408284023669,1998-05-01,1.1924178215553773,4.4,5.46,0.7815056182738738,1.1282583039051426
41,1998,06,0.7598806483424807,0.8086253369272237,0.7869822485207101,1998-06-01,1.1980586416218075,4.5,5.79,0.7252128140293392,1.143399928341281
42,1998,07,0.7842622042456896,0.8086253369272237,0.7603550295857988,1998-07-01,1.2036994616882373,4.5,6.35,0.7484044739207745,1.1486643848277174
43,1998,08,0.7433758746374088,0.706199460916442,0.7603550295857988,1998-08-01,1.2108292291833695,4.5,5.63,0.7079480837094495,1.1531235566635367
44,1998,09,0.8306066199711737,0.730188679245283,0.7840236686390533,1998-09-01,1.221996334898637,4.6,5.75,0.7486600398271523,1.101435749194484
45,1998,10,0.800389410069033,0.7304582210242587,0.8165680473372781,1998-10-01,1.2335070438666818,4.5,5.73,0.6889443943717988,1.06175538131718
46,1998,11,0.7109780165132027,0.7035040431266847,0.7899408284023669,1998-11-01,1.2445882487687552,4.4,5.35,0.6181142763069589,1.082027498488146
47,1998,12,0.6267809024155059,0.7035040431266847,0.7810650887573966,1998-12-01,1.2528919940442103,4.4,4.82,0.5361235582701371,1.0716741869232362
48,1999,01,0.6917989083513654,0.7035040431266847,0.7810650887573966,1999-01-01,1.2607376016492955,4.3,4.07,0.5886358458278632,1.0727327487150407
49,1999,02,0.6677826383796492,0.7035040431266847,0.7603550295857988,1999-02-01,1.2672660634520674,4.4,4.86,0.5801352645224224,1.1009356797968812
50,1999,03,0.8155843184939001,0.7035040431266847,0.772189349112426,1999-03-01,1.2692131485511398,4.2,5.1,0.7244699961605741,1.127420947175398
51,1999,04,0.9630060434419805,0.7035040431266847,0.7928994082840237,1999-04-01,1.2774596266177984,4.3,5.41,0.8591505022195831,1.1396917882790494
52,1999,05,0.9870618083124698,0.7035040431266847,0.893491124260355,1999-05-01,1.2845321269041348,4.2,5.03,0.8796665602977725,1.1447712272421704
53,1999,06,0.9951703036892802,0.7035040431266847,0.9437869822485208,1999-06-01,1.2908028862673233,4.3,4.78,0.8959667107231806,1.162129147055033
54,1999,07,1.115634561407947,0.7035040431266847,0.9556213017751479,1999-07-01,1.2986484938724085,4.3,5.76,1.0007016566932487,1.164861455744297
55,1999,08,1.182542291450677,0.7035040431266847,1.0414201183431953,1999-08-01,1.3036021074332835,4.2,5.07,1.0315727696857868,1.137177457631138
56,1999,09,1.323842516499353,0.7035040431266847,1.1331360946745563,1999-09-01,1.3082121177413812,4.2,5.41,1.1459804667616884,1.1324500570331228
57,1999,10,1.2567084132563182,0.6900269541778976,1.2248520710059172,1999-10-01,1.3150555491925322,4.1,5.26,1.0648626330888153,1.114302649683624
58,1999,11,1.3950236427541918,0.6765498652291105,1.257396449704142,1999-11-01,1.3205245676325736,4.1,5.38,1.2055426575941537,1.1411625207578295
59,1999,12,1.4487505785630974,0.6765498652291105,1.3106508875739644,1999-12-01,1.328398808842057,4.0,5.71,1.2586642166368636,1.1541034535916215
60,2000,01,1.5144872827630038,0.6765498652291105,1.3431952662721893,2000-01-01,1.3365021188867254,4.0,3.99,1.3072202199442686,1.153593439635692
61,2000,02,1.6334295419434584,0.6765498652291105,1.3550295857988166,2000-02-01,1.3403103882716756,4.1,5.79,1.4434810351180425,1.1844481668550808
62,2000,03,1.6629019295697693,0.6765498652291105,1.4644970414201184,2000-03-01,1.3491295384262971,4.0,5.78,1.4754391704001502,1.1970390625820226
63,2000,04,1.4351986244215738,0.6765498652291105,1.502958579881657,2000-04-01,1.3651929904936433,3.8,6.17,1.2729833168574147,1.210890166432191
64,2000,05,1.604006679998814,0.6900269541778976,1.3550295857988166,2000-05-01,1.3617283243614706,4.0,6.17,1.4800525874244639,1.2564969678566826
65,2000,06,1.7723215414569993,0.6900269541778976,1.5207100591715976,2000-06-01,1.3668537395487346,4.0,6.65,1.5751097570275614,1.2147596309318212
66,2000,07,1.6679996195003635,0.6900269541778976,1.5917159763313609,2000-07-01,1.371921887527202,4.0,6.86,1.493076908607158,1.2280487757504344
67,2000,08,1.736696346999331,0.6900269541778976,1.6301775147928994,2000-08-01,1.3799965639674723,4.1,6.51,1.5867135259530107,1.2608186903825571
68,2000,09,1.8836321339166047,0.7318059299191374,1.6449704142011834,2000-09-01,1.3902473943419997,3.9,6.52,1.7573063296094265,1.2970104415878334
69,2000,10,1.8399625761751832,0.7318059299191374,1.7514792899408285,2000-10-01,1.3948574046500972,3.9,6.6,1.736226358983304,1.316216005877046
70,2000,11,1.9222949907704747,0.7318059299191374,1.7337278106508878,2000-11-01,1.3981216355514832,3.9,6.61,1.8163021815109435,1.321031053434721
71,2000,12,1.5792300180496477,0.8288409703504043,1.6923076923076923,2000-12-01,1.4109781239262398,3.9,6.6,1.430942801943907,1.2784894961824977
72,2001,01,1.640093625526479,0.8652291105121294,1.473372781065089,2001-01-01,1.4254953613560875,4.2,5.41,1.4370413242240194,1.2490114648794948
73,2001,02,1.6457303967431152,0.8652291105121294,1.3786982248520712,2001-02-01,1.4365765662581607,4.2,5.57,1.4526801370767266,1.2680608241319757
74,2001,03,1.5154373277366147,0.8787061994609164,1.4349112426035502,2001-03-01,1.4531267896002746,4.3,5.59,1.3475857794343733,1.2921768268075782
75,2001,04,1.527255694550304,0.9029649595687331,1.4171597633136095,2001-04-01,1.471538197228267,4.4,5.29,1.3596564719108348,1.3100533464467072
76,2001,05,1.5915987691035758,0.9110512129380053,1.4644970414201184,2001-05-01,1.4709941587447029,4.3,4.61,1.4327485757480052,1.324180959917515
77,2001,06,1.5354412531442398,0.9137466307277627,1.5118343195266273,2001-06-01,1.483306608635895,4.5,4.14,1.3965086794046062,1.3490913761346273
78,2001,07,1.4706298834298428,0.9164420485175202,1.4940828402366864,2001-07-01,1.4918680563509334,4.6,3.95,1.3242702533816602,1.343394766593633
79,2001,08,1.5280354360963986,0.9110512129380053,1.3994082840236688,2001-08-01,1.5015175810331003,4.9,3.79,1.320285894512685,1.2973733696027614
80,2001,09,1.4581181884845873,0.8840970350404311,1.3698224852071006,2001-09-01,1.533415416332608,5.0,3.66,1.2219518925744566,1.2850534921574945
81,2001,10,1.2355667059888011,0.8733153638814015,1.3757396449704145,2001-10-01,1.5301798190356202,5.3,3.02,1.0459352007635767,1.2953318736009234
82,2001,11,1.0894631704048339,0.7924528301886792,1.168639053254438,2001-11-01,1.5426927041575993,5.5,2.61,0.9291738231523877,1.3157210971516948
83,2001,12,1.0746393381232908,0.7371967654986523,1.0887573964497042,2001-12-01,1.5578685144886038,5.7,2.06,0.9091460863194365,1.3179585119422608
84,2002,01,1.0907593716227562,0.784366576819407,1.0562130177514792,2002-01-01,1.5637097697858207,5.7,1.52,0.9316674724344228,1.335636041036216
85,2002,02,1.1557412698814065,0.8045822102425876,1.076923076923077,2002-02-01,1.57209941587447,5.7,1.77,0.9919327399005003,1.3492785293929628
86,2002,03,1.3633855797863155,0.7964959568733153,1.0917159763313609,2002-03-01,1.5754781811934486,5.7,1.78,1.1575229728958307,1.337590931769558
87,2002,04,1.4611980681214731,0.7773584905660377,1.2041420118343196,2002-04-01,1.5755068147978468,5.9,1.88,1.229464688421496,1.325645056218585
88,2002,05,1.5022279489127426,0.7716981132075471,1.3136094674556213,2002-05-01,1.5830088191501546,5.8,1.88,1.2202137023462276,1.2858295263777828
89,2002,06,1.4197334816800258,0.7183288409703503,1.3402366863905326,2002-06-01,1.590167220249685,5.8,1.79,1.1103286940077457,1.2436195354246682
90,2002,07,1.4981161655751378,0.6711590296495956,1.7041420118343196,2002-07-01,1.6023937693276828,5.8,1.83,1.1235293513234301,1.201733532810705
91,2002,08,1.5788555389789336,0.6469002695417789,1.3372781065088757,2002-08-01,1.61447715038369,5.7,1.79,1.1911083077668534,1.2179816956308802
92,2002,09,1.648476135087,0.6590296495956873,1.3698224852071006,2002-09-01,1.6213778490436375,5.7,1.81,1.2373347577877742,1.2169949721613609
93,2002,10,1.6051434671568572,0.7075471698113207,1.4082840236686391,2002-10-01,1.634177070209598,5.7,1.85,1.197906902455679,1.2195744693814194
94,2002,11,1.4644467643683756,0.7075471698113207,1.4201183431952662,2002-11-01,1.64878020845264,5.9,1.74,1.064537537354633,1.1985334431069297
95,2002,12,1.643790932308394,0.7075471698113207,1.3934911242603552,2002-12-01,1.65487916618944,6.0,1.23,1.1742534803059592,1.1821744372654797
96,2003,01,1.8308803723912443,0.7190989603388517,1.482248520710059,2003-01-01,1.664270988432024,5.8,1.16,1.2580339579694455,1.1435533693423918
97,2003,02,1.9979518041823643,0.7263188294185606,1.5710059171597632,2003-02-01,1.6746077196197455,5.9,1.33,1.3512503602952368,1.1325670017427638
98,2003,03,1.8479759466433532,0.7046592221794367,1.609467455621302,2003-03-01,1.6803917077081663,5.9,1.33,1.2441700847356518,1.1313421568965072
99,2003,04,1.577540647836752,0.6772237196765498,1.532544378698225,2003-04-01,1.6910147749398694,6.0,1.29,1.0517614916242422,1.1274157813228263
100,2003,05,1.570081169241663,0.672891798228725,1.440828402366864,2003-05-01,1.708137670369946,6.1,1.3,0.984492532409255,1.0710584992356649
101,2003,06,1.7092188077597832,0.6959953792837897,1.3905325443786982,2003-06-01,1.718703470392853,6.3,1.28,1.0550611501959706,1.0609158125840958
102,2003,07,1.710477681481911,0.7032152483634959,1.3816568047337279,2003-07-01,1.73216126445997,6.2,1.11,1.071104289316867,1.0846825891023606
103,2003,08,1.7574579734541314,0.7313727377743559,1.4053254437869822,2003-08-01,1.7487401214064826,6.1,1.0,1.1082315371095162,1.102734166065092
104,2003,09,1.5827496396692515,0.7710820177127466,1.4585798816568047,2003-09-01,1.7408945138013971,6.1,1.01,0.9880268134884306,1.0867482866400306
105,2003,10,1.6873065730264813,0.7941855987678086,1.42603550295858,2003-10-01,1.7381170541747795,6.0,1.11,1.0137684092859756,1.0442963888909935
106,2003,11,1.7224441803423767,0.8638573353869838,1.4940828402366864,2003-11-01,1.7396919024166762,5.8,1.03,1.0323911891662918,1.0427290546866457
107,2003,12,1.791528187154307,0.9819021948401995,1.4911242603550297,2003-12-01,1.7392051311419081,5.7,1.03,1.0328193087074307,1.0026549702796752
108,2004,01,1.8995625458315395,1.0902002310358112,1.5207100591715976,2004-01-01,1.741553086702554,5.7,0.94,1.069339810926815,0.9803899600675099
109,2004,02,1.931585202417376,1.2057181363111293,1.5384615384615385,2004-02-01,1.7529206276486082,5.6,1.03,1.0791412652652714,0.9793246405402758
110,2004,03,2.0450075364371063,1.4132893723527142,1.5650887573964498,2004-03-01,1.7632573588363303,5.8,1.04,1.163569659399111,1.0032592681925618
111,2004,04,2.0426833893847816,1.5378321139776658,1.6272189349112427,2004-04-01,1.7750257702439585,5.6,1.03,1.17253183646642,1.0188922262623437
112,2004,05,2.240379440015313,1.6298854447439353,1.6183431952662721,2004-05-01,1.7970163784217155,5.6,1.03,1.28035416615947,1.0269766655032864
113,2004,06,2.116241434242797,1.7197728147862912,1.7396449704142012,2004-06-01,1.7976463177184745,5.6,1.02,1.1903744295511651,1.0111663893182112
114,2004,07,2.263306951222595,1.7724778590681562,1.6952662721893492,2004-07-01,1.8014259534990265,5.5,1.4,1.2587615833680041,1.0018816865833227
115,2004,08,2.4997850658709884,1.711108971890644,1.745562130177515,2004-08-01,1.8090424922689268,5.4,1.29,1.392883771442299,1.0080010332620184
116,2004,09,2.5512428249930457,1.5992010011551778,1.9053254437869824,2004-09-01,1.8188924521818806,5.4,1.53,1.4103508338694148,1.0055007157778062
117,2004,10,2.9576886814603918,1.6353003465537168,1.970414201183432,2004-10-01,1.826795326995762,5.5,1.86,1.5953272130067018,0.9853424790843198
118,2004,11,2.6998508104280954,1.5255583365421643,2.0532544378698225,2004-11-01,1.8344118657656625,5.4,1.83,1.3954576808293684,0.9481428077432659
119,2004,12,2.4076184528920446,1.508952637658838,1.9349112426035504,2004-12-01,1.8396231817661206,5.4,2.04,1.2107696932432805,0.925129973478429
120,2005,01,2.614160125324058,1.5319118213323073,1.7218934911242605,2005-01-01,1.8414270988432024,5.3,1.97,1.3381900962326931,0.9426276082843272
121,2005,02,2.669711988267124,1.4410136696187896,1.8047337278106508,2005-02-01,1.8437464207994503,5.4,2.4,1.3749519315880108,0.9495641154468359
122,2005,03,3.0091965421441307,1.470687331536388,1.9112426035502958,2005-03-01,1.8464093460084754,5.2,2.39,1.5311597673274284,0.9395025100657302
123,2005,04,2.950430289697491,1.480073161340008,2.0828402366863905,2005-04-01,1.8503035162066201,5.2,2.83,1.5239740547838478,0.9557299360776732
124,2005,05,2.7771765241358355,1.4818781286099352,2.136094674556213,2005-05-01,1.855228496163097,5.1,2.97,1.4537819804249046,0.9711654026500715
125,2005,06,3.132272991630214,1.4728532922602993,1.9378698224852071,2005-06-01,1.8645630511968847,5.0,3.02,1.6850754271179444,1.0030828693027452
126,2005,07,3.265799464651463,1.4699653446284178,2.088757396449704,2005-07-01,1.8736971709998853,5.0,3.36,1.77314125421606,1.0173097851745745
127,2005,08,3.614184992870341,1.3663274057478894,2.136094674556213,2005-08-01,1.8830889932424693,4.9,3.3,1.9142877084929297,0.9973961268926408
128,2005,09,3.6525400156775483,1.3024643819792074,2.2810650887573964,2005-09-01,1.8927671515290345,5.0,3.57,1.927755800683581,0.9989740947510418
129,2005,10,3.4696702055540896,1.2002172836789702,2.369822485207101,2005-10-01,1.9024453098155996,5.0,3.93,1.8558865248494485,1.0175960265900736
130,2005,11,3.2438617341391223,1.0954510449119623,2.3994082840236683,2005-11-01,1.9072271217500858,5.0,3.99,1.7648976060301218,1.0376707940129741
131,2005,12,3.3025513945431983,1.1237004235656523,2.0976331360946747,2005-12-01,1.9150154621463749,4.9,4.03,1.7782607779778632,1.0311412234743063
132,2006,01,3.628897261486333,1.2302656911821348,2.171597633136095,2006-01-01,1.9271274768067805,4.7,4.09,1.901439010977805,1.0097600178481763
133,2006,02,3.423693326927452,1.3724971120523692,2.334319526627219,2006-02-01,1.9341713434887182,4.8,4.47,1.8139179621836579,1.0247495341656887
134,2006,03,3.499103433339085,1.43430546952169,2.340236686390533,2006-03-01,1.938351849730844,4.7,4.52,1.841976631885306,1.02037532745031
135,2006,04,3.8759374920980085,1.522108843537415,2.3106508875739644,2006-04-01,1.9490894513801398,4.7,5.0,1.9939796354992405,1.0027108749152427
136,2006,05,3.9474571258634445,1.5288932284504098,2.532544378698225,2006-05-01,1.95106517008361,4.6,4.84,1.9472048112146074,0.9624229890398247
137,2006,06,3.9473790679444707,1.480073161340008,2.5562130177514795,2006-06-01,1.9620032069636926,4.6,5.02,1.9570446589619621,0.9727284435984019
138,2006,07,4.13672700475745,1.5351504483194904,2.5177514792899407,2006-07-01,1.9739720536021073,4.7,5.05,2.041505506158316,0.9741698719293723
139,2006,08,4.063699659513554,1.4995668078552182,2.4763313609467454,2006-08-01,1.9829630053831175,4.7,5.27,1.9766683417704305,0.9645545990256477
140,2006,09,3.566943251369375,1.398591781726167,2.6124260355029585,2006-09-01,1.9907799793838048,4.5,5.25,1.7395881865682459,0.9708977940322207
141,2006,10,3.27539383518345,1.2854648720551698,2.349112426035503,2006-10-01,2.004924979956477,4.4,5.34,1.5998087814483988,0.979270509282124
142,2006,11,3.298252711962979,1.2995764343473235,2.2189349112426036,2006-11-01,2.01508990951781,4.5,5.23,1.575035503810333,0.9622786450985952
143,2006,12,3.450650040277569,1.4692813570313936,2.1568047337278107,2006-12-01,2.0273737258046043,4.4,5.27,1.609082403446419,0.9453903900203635
144,2007,01,3.0474119402230246,1.503045472048167,2.2662721893491127,2007-01-01,2.0382831290802885,4.6,5.17,1.4376045043534,0.9615519873886547
145,2007,02,3.2971628694970527,1.5096024258760108,2.121301775147929,2007-02-01,2.0428931393883865,4.5,5.29,1.545064504883833,0.9573083896280721
146,2007,03,3.3691809745366252,1.534353449784717,2.1775147928994083,2007-03-01,2.0525999312793495,4.4,5.31,1.554177691110352,0.9468488175847403
147,2007,04,3.558916635660761,1.5647356261273127,2.2840236686390534,2007-04-01,2.0733592944679877,4.5,5.3,1.5992918838635062,0.9317180005706921
148,2007,05,3.533255422001999,1.575650475823752,2.428994082840237,2007-05-01,2.077339365479326,4.4,5.26,1.5839466692572646,0.9312643372393349
149,2007,06,3.753833594023744,1.702170086363388,2.508875739644971,2007-06-01,2.086845722139503,4.6,5.23,1.6824320175129721,0.935304128591927
150,2007,07,4.119199939312712,1.9620978751706524,2.4319526627218937,2007-07-01,2.0956935058985224,4.7,5.31,1.8007697687840414,0.9161637127739829
151,2007,08,4.027177348691319,2.0171001505233312,2.5473372781065087,2007-08-01,2.117483678845493,4.6,5.3,1.7457932449809657,0.9179354130225208
152,2007,09,4.429984575315445,1.9825760492876414,2.5295857988165684,2007-09-01,2.122694994845951,4.7,4.96,1.8770517866952243,0.8994181277484212
153,2007,10,4.7800932517279895,2.143108268738175,2.710059171597633,2007-10-01,2.1270186691100674,4.7,4.92,1.984213842352636,0.8829241740555989
154,2007,11,5.271853743646795,2.5098890328000834,2.8165680473372783,2007-11-01,2.1342916046271903,4.7,4.59,2.119848304314776,0.8582131938759904
155,2007,12,5.1054309098155635,2.6660316559593045,3.0384615384615383,2007-12-01,2.1429962203642194,5.0,4.66,2.0741755816071232,0.8706317860868669
156,2008,01,5.172623438704194,2.6546145902614904,3.106508875739645,2008-01-01,2.1526171114419883,5.0,3.06,2.0686513203649244,0.8608811916415346
157,2008,02,5.304957211852804,3.8244677925078436,3.1804733727810652,2008-02-01,2.1773565456419655,4.9,3.12,2.0910087927032404,0.8582296708472741
158,2008,03,5.869177964254733,3.7132926656263336,3.144970414201184,2008-03-01,2.196283358149124,5.1,3.01,2.195963916834057,0.8217435278010052
159,2008,04,6.2492730169165975,3.550862883746981,3.396449704142012,2008-04-01,2.2084526400183253,5.0,2.38,2.314487756274379,0.8179249941229539
160,2008,05,6.991099198422148,3.8564930689256873,3.63905325443787,2008-05-01,2.2120891077768867,5.4,2.16,2.6134912274917568,0.8269479968056758
161,2008,06,7.450421258851718,4.501072666263261,3.9378698224852076,2008-06-01,2.2174435917993356,5.6,1.98,2.788654731150677,0.8299778426601365
162,2008,07,7.452099373227878,5.261087207647628,4.165680473372781,2008-07-01,2.230987286679647,5.8,2.11,2.748018695809366,0.8226936420002576
163,2008,08,6.491863207973159,4.6712552945706465,4.085798816568047,2008-08-01,2.2351677929217733,6.1,2.04,2.5055358636336393,0.862663442989094
164,2008,09,5.81020052089916,4.433918507368652,3.727810650887574,2008-09-01,2.254237773450922,6.1,1.94,2.287873148022968,0.8876475179447523
165,2008,10,4.243674834896507,3.217424787798625,3.8905325443786984,2008-10-01,2.2836158515633946,6.5,1.15,1.7516944034503659,0.9426257341678947
166,2008,11,3.169130401800388,2.732677127454744,2.692307692307692,2008-11-01,2.2985053258504182,6.8,0.22,1.3515951004399502,0.9802842240223578
167,2008,12,2.261045470386916,2.2266488805764877,2.1834319526627217,2008-12-01,2.3493872408658802,7.3,0.52,0.9071075129845587,0.9425492963371568
168,2009,01,2.3159278832781243,2.306246218163814,1.7840236686390534,2009-01-01,2.3735540029778948,7.8,0.14,0.9309256629023029,0.9540894384539245
169,2009,02,2.1739373403798004,2.1785088563727357,1.7248520710059172,2009-02-01,2.3822013515061276,8.3,0.23,0.8958303144807959,0.981651194005196
170,2009,03,2.669127873163576,1.7642078272132156,1.849112426035503,2009-03-01,2.4014145000572675,8.7,0.22,1.0898965368876619,0.9805799765382137
171,2009,04,2.7762662148835555,1.786267809010396,1.9142011834319526,2009-04-01,2.402760279463979,9.0,0.16,1.1171956891748187,0.9668933807380676
172,2009,05,3.296475441518045,1.8063352451208867,2.0088757396449703,2009-05-01,2.4193964036192876,9.4,0.22,1.2696541922899547,0.9318427639345277
173,2009,06,3.8758692189040858,2.0434854902509865,2.062130177514793,2009-06-01,2.4222597640590995,9.5,0.21,1.4535195097315436,0.9083902541203763
174,2009,07,3.571930372336271,2.092192496358674,2.381656804733728,2009-07-01,2.423491009048219,9.5,0.2,1.3287583931281337,0.9015388552596985
175,2009,08,3.9533069150992106,2.0992491336157086,2.508875739644971,2009-08-01,2.423347841026228,9.6,0.18,1.451465559032875,0.8897376308861599
176,2009,09,3.8605962525602444,1.9716806104946252,2.5295857988165684,2009-09-01,2.4229183369602563,9.8,0.15,1.3916378274307972,0.8733948307216811
177,2009,10,4.218069638657799,2.040531907445652,2.5887573964497044,2009-10-01,2.4304489749169624,10.0,0.11,1.496184941073536,0.8621007872870216
178,2009,11,4.337604321319901,2.2173936960228815,2.532544378698225,2009-11-01,2.4388099874012137,9.9,0.11,1.519697712762209,0.8544472213610002
179,2009,12,4.1514257663693455,2.32775455195555,2.710059171597633,2009-12-01,2.437435574390104,9.9,0.13,1.4833571123408953,0.8709266643845857
180,2010,01,4.362425901910562,2.6992924528301887,2.7633136094674557,2010-01-01,2.4275569808727524,9.8,0.05,1.5865045245521217,0.8828413869622374
181,2010,02,4.245014792525348,2.6457932229495524,2.665680473372781,2010-02-01,2.4417592486542206,9.8,0.14,1.580477008847206,0.9091003311539061
182,2010,03,4.519502935967219,2.698096465821752,2.71301775147929,2010-03-01,2.440642538082694,9.9,0.14,1.694269513784449,0.9149471313340467
183,2010,04,4.700609401471667,2.829177897574124,2.7633136094674557,2010-04-01,2.449633489863704,9.9,0.17,1.7679163194073995,0.9213160791324361
184,2010,05,4.107852380591143,2.909303244634501,2.9704142011834316,2010-05-01,2.4651529034474855,9.6,0.2,1.6132806602443923,0.9681417770676634
185,2010,06,4.191670670341617,2.8162740224734772,2.7455621301775146,2010-06-01,2.470621921887527,9.4,0.2,1.6659052076925884,0.9819048893878076
186,2010,07,4.237742433054337,2.772547869919838,2.6893491124260356,2010-07-01,2.473886152788913,9.4,0.17,1.6139068492583366,0.9421577335915895
187,2010,08,4.262270210129716,2.6104296165905687,2.6183431952662723,2010-08-01,2.487744817317604,9.5,0.18,1.596301170596676,0.9317076976002063
188,2010,09,4.1874731332338735,2.698577029439569,2.6568047337278107,2010-09-01,2.4965353338678273,9.5,0.19,1.542491676174554,0.9196202218479308
189,2010,10,4.556230260076317,2.7818636888717787,2.8165680473372783,2010-10-01,2.510794868858092,9.4,0.2,1.594222159494462,0.8785255769341902
190,2010,11,4.6811894707563155,3.0346028634438276,2.9585798816568047,2010-11-01,2.5166933913641047,9.8,0.2,1.6534244094080994,0.888911314159041
191,2010,12,4.97148467261299,3.3365421640354174,2.9437869822485205,2010-12-01,2.5263142824418736,9.3,0.2,1.7866194359536043,0.9078901969068178
192,2011,01,4.980210406665002,3.8003658067000265,3.1982248520710064,2011-01-01,2.532699576222655,9.1,0.13,1.7651024036411525,0.8976476382822528
193,2011,02,4.974101701772573,3.628691759722749,3.517751479289941,2011-02-01,2.5509678158286566,9.0,0.18,1.7201615455940507,0.8821847649944039
194,2011,03,5.726311345553607,3.6649938892702156,3.603550295857988,2011-03-01,2.567575306379567,9.0,0.15,1.929717929223673,0.865250910116835
195,2011,04,6.127513133860007,3.5451642921319406,4.263313609467456,2011-04-01,2.585729011567976,9.1,0.11,2.0083582287109345,0.8475004498811702
196,2011,05,5.63526942625231,3.4491336157104313,4.659763313609467,2011-05-01,2.6064311075478184,9.0,0.09,1.837669136603225,0.8499607810603967
197,2011,06,5.356537790477153,3.459892533342668,4.819526627218935,2011-06-01,2.6276199748024283,9.1,0.1,1.7269594508464479,0.8471504031550458
198,2011,07,5.40045539544869,3.4768001540238815,4.819526627218935,2011-07-01,2.674006413927385,9.0,0.08,1.7123664944086932,0.8478690506178631
199,2011,08,4.802780620967237,3.4356337732348514,5.236686390532545,2011-08-01,2.7273794525254837,9.0,0.17,1.4826605137339168,0.8419659650026617
200,2011,09,4.764609199180718,3.51918734903911,5.260355029585799,2011-09-01,2.7331634406139043,9.0,0.08,1.5222136390585872,0.87320040178619
201,2011,10,4.807095114071623,3.4477831563892454,5.207100591715977,2011-10-01,2.7425552628564884,8.8,0.06,1.5337843440704086,0.8750582680595805
202,2011,11,5.40217968493185,3.3084984422585446,5.292899408284024,2011-11-01,2.757358836330317,8.6,0.08,1.730781838043812,0.8834187074897968
203,2011,12,5.483273067489315,3.1853484790142317,5.340236686390533,2011-12-01,2.770988432023823,8.5,0.08,1.7867241026875615,0.9029263651157796
204,2012,01,5.568690418995133,3.3176742395071157,5.165680473372782,2012-01-01,2.79191959683885,8.3,0.04,1.8158063569292087,0.9103729908709886
205,2012,02,5.690791065964915,3.368378348644043,4.943786982248521,2012-02-01,2.806723170312679,8.3,0.11,1.8150990718907956,0.8952148413878077
206,2012,03,5.907199029003476,3.076845661077466,5.449704142011835,2012-03-01,2.8193219562478524,8.2,0.11,1.890088166558511,0.9020801637221292
207,2012,04,5.748010504679766,2.9744948624931533,5.789940828402367,2012-04-01,2.8346695682052454,8.2,0.09,1.8260839559436315,0.900545434752932
208,2012,05,5.258970888793852,2.798368747155795,5.4230769230769225,2012-05-01,2.847039285305234,8.2,0.16,1.6953890608768303,0.9178296214718391
209,2012,06,4.583939303083611,2.500126664369814,5.733727810650888,2012-06-01,2.8670828083839193,8.2,0.16,1.490924099740011,0.932517333310748
210,2012,07,4.890939894302979,2.462644834949415,5.650887573964497,2012-07-01,2.88217271790173,8.2,0.09,1.5987516480781505,0.9421253342652158
211,2012,08,5.235799780338416,2.519038575979272,5.440828402366864,2012-08-01,2.9024166762112014,8.1,0.14,1.6809725539517304,0.9318314254804237
212,2012,09,5.268412268945808,2.5116336157104313,5.550295857988166,2012-09-01,2.925380826938495,7.8,0.13,1.6302510432888053,0.9052262620457059
213,2012,10,4.984255387920368,2.341924628752237,5.109467455621302,2012-10-01,2.9443362730500513,7.8,0.15,1.5303551442276704,0.9040227297980226
214,2012,11,4.8242850279414355,2.3509337697343047,4.979289940828402,2012-11-01,2.9640934600847553,7.7,0.17,1.489402480087122,0.915105165862071
215,2012,12,4.910063613277506,2.589653040958186,5.183431952662722,2012-12-01,2.9991982590768522,7.9,0.16,1.4809344669359392,0.9045944054635906
216,2013,01,5.269806647236472,2.613264430986798,5.263313609467455,2013-01-01,3.005841255297217,8.0,0.09,1.5882079534322209,0.9058968019104081
217,2013,02,5.302068424912128,2.7047795533307544,5.242603550295858,2013-02-01,3.01128164013286,7.7,0.14,1.6096604461779884,0.9141981128816112
218,2013,03,5.184663938147132,2.6230939545629512,5.4171597633136095,2013-03-01,3.027402359409002,7.5,0.14,1.6048760119564378,0.9371109647836061
219,2013,04,5.12172857612461,2.5130232686066307,5.239644970414202,2013-04-01,3.0352766006184857,7.6,0.16,1.5793585704058135,0.9359711358164712
220,2013,05,5.271886725866082,2.5101353209747463,5.011834319526628,2013-05-01,3.0450979269270415,7.5,0.14,1.6339404595936142,0.9437814135532929
221,2013,06,5.3276582294485015,2.416244705429337,5.233727810650888,2013-06-01,3.0615908830603593,7.5,0.09,1.6154274434635825,0.9283211722959144
222,2013,07,5.809248434169112,2.2162361252950675,5.023668639053255,2013-07-01,3.0728152559844233,7.3,0.1,1.7751535364528448,0.9389715262379172
223,2013,08,5.921005385996432,2.216211012706965,5.029585798816568,2013-08-01,3.089451380139732,7.2,0.08,1.7711352248561696,0.9241397040082485
224,2013,09,5.918768144474258,2.2451730018152776,5.032544378698225,2013-09-01,3.106746077196197,7.2,0.07,1.7536456678179835,0.9204840713978605
225,2013,10,5.593984482965223,2.303062898662334,4.87869822485207,2013-10-01,3.1423090138586645,7.2,0.08,1.6125532222746117,0.9058195533274683
226,2013,11,5.220929406480775,2.38175917267176,4.943786982248521,2013-11-01,3.144800137441301,6.9,0.08,1.5222272292848753,0.9169057895955665
227,2013,12,5.445646951728318,2.410902002310356,5.242603550295858,2013-12-01,3.1633833466956816,6.7,0.07,1.5679282130564434,0.9108115237663175
228,2014,01,5.282795045191137,2.371254419435008,5.254437869822485,2014-01-01,3.183369602565571,6.6,0.07,1.5209543058277997,0.9165147734570606
229,2014,02,5.602220143120841,2.2379428186368866,5.313609467455621,2014-02-01,3.202153247050739,6.7,0.07,1.5964701511834176,0.9125207413901683
230,2014,03,5.594604129865955,2.149678200121016,5.269230769230769,2014-03-01,3.2124327110296647,6.7,0.06,1.5776058924045546,0.9058644108202457
231,2014,04,5.683996257617515,2.1164613015017304,5.227810650887575,2014-04-01,3.225289199404421,6.2,0.08,1.5960816057330636,0.9056699777801509
232,2014,05,5.674058714946789,2.1249229880631453,5.230769230769231,2014-05-01,3.243757874241209,6.3,0.09,1.5861184214765516,0.9067555303209177
233,2014,06,5.8542108425538295,2.0848644039826145,5.180473372781066,2014-06-01,3.259563623868973,6.1,0.08,1.63859165999924,0.9123507698910636
234,2014,07,5.727012767417071,1.9956345951013665,5.156804733727811,2014-07-01,3.275226205474745,6.2,0.1,1.5974124224844661,0.913545549756412
235,2014,08,5.358123606992042,2.001304389680399,4.8017751479289945,2014-08-01,3.2821269041346923,6.1,0.09,1.5157452983696842,0.9284721272765882
236,2014,09,5.188712165271701,1.9279150768369058,4.644970414201183,2014-09-01,3.293923949146719,5.9,0.07,1.5089300714677125,0.9579064595761605
237,2014,10,4.695511449777421,1.8594239172289058,4.505917159763314,2014-10-01,3.3150555491925324,5.7,0.09,1.3762584060829361,0.9716456055973146
238,2014,11,4.211608971603407,1.8148440508278758,4.855029585798817,2014-11-01,3.326709426182568,5.8,0.07,1.2596514927523705,0.9949866008213212
239,2014,12,3.289934596259155,1.8103030969800296,4.905325443786982,2014-12-01,3.3506757530637956,5.6,0.13,0.992856169042576,1.0111869991803066
240,2015,01,2.645611550812954,1.7443753781836173,4.585798816568047,2015-01-01,3.371377849043638,5.7,0.06,0.8275059028066732,1.0545142463631911
241,2015,02,2.82917541153564,1.9045581440123178,4.346153846153846,2015-02-01,3.4017867369144428,5.5,0.06,0.8909800242228373,1.0713100421058057
242,2015,03,2.6581283030318326,1.8421824132740567,3.8609467455621305,2015-03-01,3.405365937464208,5.4,0.06,0.8665127725766549,1.1101018249362034
243,2015,04,3.025084077173996,1.6495379283788976,3.260355029585799,2015-04-01,3.416704844805864,5.4,0.12,0.9799878718590166,1.1068549581470366
244,2015,05,3.3037868142427245,1.7701143019273233,2.6745562130177514,2015-05-01,3.4256671629824758,5.6,0.13,1.0412241367441755,1.0796360464822785
245,2015,06,3.3282676309201715,1.7009355200055982,2.600591715976331,2015-06-01,3.4392108578627876,5.3,0.12,1.044567306271788,1.0793865217218714
246,2015,07,2.8481839440357684,1.7380924478076683,2.7573964497041423,2015-07-01,3.4535276600618485,5.2,0.13,0.9069530447525774,1.0997138836447997
247,2015,08,2.3872426660501573,1.708711975356178,3.005917159763314,2015-08-01,3.467758561447715,5.1,0.08,0.7524938818425244,1.09308833086247
248,2015,09,2.531721748805218,1.6648361746070592,2.9615384615384617,2015-09-01,3.484795556064597,5.0,0.14,0.7890255866905349,1.0860564986725094
249,2015,10,2.573924697195743,1.545301396716488,3.0680473372781063,2015-10-01,3.496506700263429,5.0,0.13,0.7991241786854375,1.0855574167186492
250,2015,11,2.369017215200237,1.5034517850266764,2.7810650887573964,2015-11-01,3.5222196770129424,5.1,0.07,0.755455062349505,1.1231993877602782
251,2015,12,2.0803446861796773,1.505817151658504,3.002958579881657,2015-12-01,3.5395430076738057,5.0,0.13,0.6554946173678146,1.1152725819358167
252,2016,01,1.768160127732281,1.4401328455910647,2.502958579881657,2016-01-01,3.576566258160577,4.8,0.2,0.5552241133520291,1.123085968508313
253,2016,02,1.6899072471935108,1.4496396941525902,2.363905325443787,2016-02-01,3.5956935058985224,4.9,0.38,0.5175546636442148,1.1012249021971903
254,2016,03,2.108474121601045,1.4942103526046495,2.369822485207101,2016-03-01,3.6136181422517466,5.0,0.36,0.6370107218339663,1.091743777002191
255,2016,04,2.282605266548424,1.4732796083392883,1.9763313609467454,2016-04-01,3.637527201924178,5.1,0.37,0.6718789031282045,1.0706966387681278
256,2016,05,2.6058108073937336,1.4697343088178625,2.0147928994082838,2016-05-01,3.658200664299622,4.8,0.3,0.7636330942072829,1.0720360375296276
257,2016,06,2.7142893266240167,1.5155949172121643,2.094674556213018,2016-06-01,3.6768697743671974,4.9,0.37,0.7926429673463922,1.073741454130687
258,2016,07,2.4975755189425,1.7363441333406655,2.026627218934911,2016-07-01,3.69436490665445,4.8,0.41,0.7404730145730686,1.0952932148060317
259,2016,08,2.489539689153577,1.9225592466832315,2.195266272189349,2016-08-01,3.719190241667621,4.9,0.4,0.7241105918671391,1.0817682718189814
260,2016,09,2.5144764457480964,2.058594707179609,2.304733727810651,2016-09-01,3.7360840682625125,5.0,0.4,0.7287072823139974,1.0827350053264104
261,2016,10,2.7709043007295704,2.5940645800098974,2.3461538461538463,2016-10-01,3.7546672775168934,4.9,0.29,0.8180783075608707,1.1085232539559222
262,2016,11,2.5295471211469893,3.0034524101235576,2.1183431952662723,2016-11-01,3.774596266177986,4.7,0.41,0.7578239140061522,1.1308266575919579
263,2016,12,2.895693731509344,2.5103629187524015,2.0976331360946747,2016-12-01,3.784016722024968,4.7,0.41,0.8853875984060487,1.1570013228214238
264,2017,01,2.9240144638025636,2.4642719621541294,2.7142280796126954,2017-01-01,3.804375214752033,4.7,0.55,0.8814927458159643,1.1468921223477253
265,2017,02,2.9734240271069856,2.317231420870232,2.1088757396449704,2017-02-01,3.822929790402016,4.6,0.66,0.8882359129483478,1.1420044707915427
266,2017,03,2.7460665954983674,2.327057976595062,1.7144327244661688,2017-03-01,3.8426583438323214,4.4,0.66,0.8166587523273234,1.142776571347047
267,2017,04,2.8468101246617934,2.4288602233346115,1.6892011834319527,2017-04-01,3.8600962089107775,4.4,0.82,0.8368234122921632,1.1346801296417743
268,2017,05,2.7013690919225435,2.1595247263325765,1.692030325443787,2017-05-01,3.876904134692475,4.4,0.91,0.7765880704966128,1.1145302248640288
269,2017,06,2.5136672819682873,2.3092554345923557,1.6342119419042485,2017-06-01,3.883890734165617,4.3,0.91,0.7116384683359515,1.0995592269003738
270,2017,07,2.591351821280768,2.4467379943891268,1.6662440123978581,2017-07-01,3.9024453098155996,4.3,1.06,0.7144209429674762,1.0758819528949606
271,2017,08,2.6729010390498456,2.7701456225714827,1.8138667352714173,2017-08-01,3.9193677700148895,4.4,1.16,0.7206895891255025,1.0567722136124666
272,2017,09,2.7667982761921617,2.8241239892183287,2.0959425190194407,2017-09-01,3.9324819608292287,4.3,1.16,0.7367197159698003,1.0471081387348886
273,2017,10,2.869016613143852,2.783010116568059,2.6013986013986004,2017-10-01,3.9481445424350015,4.2,1.06,0.7724086170712319,1.062935938414744
274,2017,11,3.1563456140794472,2.762453180242938,2.8317836010143695,2017-11-01,3.95564654678731,4.2,1.16,0.8506651710022995,1.0660843765453327
275,2017,12,3.222116661669598,2.8563018057272505,3.168357283741894,2017-12-01,3.9687034703928528,4.1,1.16,0.8599250595416866,1.0591756681809512
276,2018,01,3.5372220835747457,3.0170520180628033,3.4525340879855917,2018-01-01,3.971251861184286,4.0,1.33,0.9167129827268136,1.0291969383914226
277,2018,02,3.461688623662982,3.0047795533307546,3.0979289940828405,2018-02-01,3.98216126445997,4.1,1.42,0.8846801684900766,1.0176938140292089
278,2018,03,3.4952588059776932,2.849812971010512,2.5032275416890797,2018-03-01,3.99908372465926,4.0,1.42,0.8909235154920593,1.0193458992584954
279,2018,04,3.689037877775326,2.67448498267231,2.211608903916595,2018-04-01,4.0056408200664295,4.0,1.67,0.9431346786212901,1.024076979600955
280,2018,05,3.8884651284492504,2.94811320754717,2.5481090815538967,2018-05-01,4.0246535333867826,3.8,1.7,1.0223654386769503,1.0581724508931565
281,2018,06,3.7759531455639883,3.275592716871105,3.0880529726683434,2018-06-01,4.042349100904822,4.0,1.7,0.9998538545354818,1.0703941956128367
282,2018,07,3.9538776645510416,3.371586970980485,2.9503765465303933,2018-07-01,4.05365937464208,3.8,1.91,1.04648522716137,1.0728947659509387
283,2018,08,3.778801448139305,3.33517257674938,3.1332647285824557,2018-08-01,4.06768984079716,3.8,1.91,1.0060127507803853,1.0829221651952012
284,2018,09,3.904698207196499,3.2945850981902156,3.2812130177514796,2018-09-01,4.0769098614133545,3.7,1.91,1.0291158236487348,1.0745036433897477
285,2018,10,3.9359925064397787,3.0933183773919675,2.969127862104438,2018-10-01,4.079744588248769,3.8,2.18,1.0488228689970742,1.0871284477349725
286,2018,11,3.125749108655522,2.8990005950922373,2.892684238838086,2018-11-01,4.08277975031497,3.8,2.2,0.8401897073496147,1.097435975936516
287,2018,12,2.721367101471785,2.8610137202845283,2.6484925331079174,2018-12-01,4.114620318405681,3.9,2.2,0.7266905969376989,1.098733020523806
288,2019,01,2.84978028344919,2.8410053558301347,2.4513763828145088,2019-01-01,4.132602221967701,4.0,2.4,0.7503322751287208,1.0880925962678056
289,2019,02,3.0594280223531483,2.7319984597612668,1.923372781065089,2019-02-01,4.143425724430191,3.8,2.4,0.8077886576457118,1.0939993618211787
290,2019,03,3.236024164135019,2.6865201606248923,1.5518455903071302,2019-03-01,4.155852708738976,3.8,2.4,0.8547261023244016,1.0976790059057682
291,2019,04,3.5531140162338497,2.3925779745860565,1.5028881375035206,2019-04-01,4.1656454014431334,3.7,2.41,0.9418417981063525,1.1042085723236303
292,2019,05,3.3789667989986585,2.4141316904120083,1.4891304347826095,2019-05-01,4.197915473599816,3.6,2.45,0.8922931664196208,1.1085552220904757
293,2019,06,3.0410701190987925,2.0924480169426225,1.298594674556213,2019-06-01,4.232877104569923,3.6,2.4,0.7887933551708168,1.0979244813759506
294,2019,07,3.191832283216115,2.098269742679674,1.3074993568304616,2019-07-01,4.256499828198374,3.7,2.39,0.8280780766556245,1.1042917917566697
295,2019,08,3.050218727084225,1.879765113592601,1.2663394298009676,2019-08-01,4.28003665101363,3.6,2.14,0.7921485513527481,1.1115349868952185
296,2019,09,3.163122360735326,1.8048159964794501,1.4954212454212457,2019-09-01,4.306350933455503,3.5,2.13,0.8214107974194544,1.1182884349106843
297,2019,10,3.001843706058063,1.8650742495521537,1.780293285310009,2019-10-01,4.345034932997366,3.6,1.88,0.769243756239577,1.1134460418794443
298,2019,11,3.1529765065557935,1.8794900709609947,1.6143279797125947,2019-11-01,4.373296300538311,3.6,1.57,0.8018678179767794,1.1122206443933498
299,2019,12,3.3304422585784006,1.8993165190604502,1.6489376008606775,2019-12-01,4.390762799221165,3.6,1.56,0.83771011143241,1.1044138010003743
300,2020,01,3.210794860490706,1.9435625021878356,1.4537561101106244,2020-01-01,4.4099473141679075,3.6,1.55,0.8045932287544288,1.1050888961498475
301,2020,02,2.8153235390800804,1.91509915286869,0.8639792899408284,2020-02-01,4.424979956476921,3.5,1.59,0.7132479608764034,1.1210462623799866
302,2020,03,1.6310971755126777,1.8923145587566037,0.9700779989241538,2020-03-01,4.575821784446226,4.4,1.58,0.399575105792281,1.120953736574301
303,2020,04,0.9443194174020783,1.7417789757412372,0.6291016675632071,2020-04-01,4.867426411636696,14.8,0.06,0.21984562315823863,1.1331784276839798
304,2020,05,1.6011111552619135,1.4595231339805013,0.6012256973795445,2020-05-01,5.116366968273967,13.2,0.05,0.35333858884460206,1.1290970515318985
305,2020,06,2.1314385414822885,1.4825541708964878,0.6066433566433581,2020-06-01,5.200292062764861,11.0,0.05,0.4513218267943465,1.1011367524577909
306,2020,07,2.2649879449988477,1.3927818050928302,0.6766143555441213,2020-07-01,5.243213835757645,10.2,0.08,0.4679642673985994,1.083289086320402
307,2020,08,2.357096498801306,1.3849730458220997,1.072696534234997,2020-08-01,5.263486427671515,8.4,0.1,0.47257471591727024,1.0552773739031172
308,2020,09,2.2028472450501915,1.4017703994119055,1.3638380849919318,2020-09-01,5.3277975031496965,7.8,0.09,0.43816041849053566,1.0597330290869589
309,2020,10,2.19210053859964,1.5652151083417898,1.8111888111888108,2020-10-01,5.371120146604054,6.9,0.09,0.4323634621625204,1.059383938548782
310,2020,11,2.302473127213308,1.6966692337312237,2.018385460693154,2020-11-01,5.43262512885122,6.7,0.09,0.4452092609299844,1.0504596079489625
311,2020,12,2.618528751150254,2.1722316959128625,3.4345896578338166,2020-12-01,5.471853166876647,6.7,0.09,0.49125782700336884,1.0265652784070112
312,2021,01,2.884389520847405,2.45270504428186,6.040011270780503,2021-01-01,5.536192875959225,6.4,0.09,0.5331542067068905,1.0233168924047455
313,2021,02,3.2952158191518937,2.4928763958413502,2.120931952662722,2021-02-01,5.603825449547589,6.2,0.08,0.6045769107901675,1.028140086972141
314,2021,03,3.4592916958467694,2.566870636687811,1.9063545150501688,2021-03-01,5.672202496850303,6.1,0.07,0.6364192449372139,1.0435369860571455
315,2021,04,3.41666877386401,2.63740373507893,2.3355415487522513,2021-04-01,5.765462146374985,6.1,0.07,0.6155770810153466,1.0387563424113317
316,2021,05,3.6249044235490735,2.808817866769353,2.962869822485207,2021-05-01,5.852565570954072,5.8,0.05,0.6344559909765287,1.0243567430225544
317,2021,06,3.9707183857182557,3.5620733713725605,3.555406132329201,2021-06-01,5.8648493872408665,5.9,0.06,0.6990641929657796,1.0325351247531898
318,2021,07,4.038283561332085,4.129331921447816,4.170656266810118,2021-07-01,5.908057496277631,5.4,0.1,0.7172623881643247,1.0493635141843267
319,2021,08,3.775735201153055,4.678392650860863,4.924220010758462,2021-08-01,5.968474401557668,5.1,0.07,0.6658295842234061,1.0525067616032995
320,2021,09,3.979492755455532,5.0706978331641235,7.119217321140384,2021-09-01,6.005526285648838,4.7,0.08,0.6988772950087931,1.0546886810799132
321,2021,10,4.526296016674551,6.488737004235634,10.374330797407723,2021-10-01,6.057066773565457,4.5,0.08,0.7962709970521396,1.0655658801878003
322,2021,11,4.4000809163779815,4.79249658697097,9.456677937447159,2021-11-01,6.106831978009391,4.2,0.08,0.7785421221743675,1.0805314761882667
323,2021,12,3.994355642872927,4.891481929699084,11.070941600205828,2021-12-01,6.158458366739205,3.9,0.08,0.7075898027203765,1.0909550201314602
324,2022,01,4.63273476887657,6.2469050827878165,7.937376725838255,2022-01-01,6.1751517581033095,4.0,0.07,0.8165567564795205,1.0884201539533445
325,2022,02,5.0961539434091065,7.344657296880998,8.23173076923077,2022-02-01,6.190871606917879,3.8,0.08,0.8962405940816993,1.088764293324289
326,2022,03,6.0302446950849,9.526698866586415,11.460316439413432,2022-03-01,6.220020616195166,3.7,0.08,1.0827060090978522,1.1167795070332909
327,2022,04,5.673439800984235,9.022054800072183,8.584249084249084,2022-04-01,6.22013515061276,3.7,0.33,1.0418127718564905,1.1422023445913134
328,2022,05,6.103320100134,11.280158424556198,6.49045185583648,2022-05-01,6.212518611842858,3.6,0.33,1.149525931022395,1.1700928550537315
329,2022,06,6.379421953624793,11.520889487870592,8.739107046799349,2022-06-01,6.199862558698889,3.6,0.83,1.21187769562469,1.1777673910653679
330,2022,07,5.6697046431792275,11.688046647230431,12.180325443786982,2022-07-01,6.197629137555835,3.5,1.58,1.110533078953302,1.2139383974120377
331,2022,08,5.212120745705989,12.060581265096065,16.02292899408284,2022-08-01,6.1925037223685715,3.6,2.33,1.0228584225959618,1.2152547683397121
332,2022,09,4.695172832326091,12.608724352274717,13.219607315769231,2022-09-01,6.158429733134807,3.5,2.33,0.9575822888161227,1.2560140914869984
333,2022,10,4.855758127460153,11.506986082843639,8.79940828402367,2022-10-01,6.137154965067003,3.6,3.08,1.004517991226712,1.269602483388262
334,2022,11,4.677168938225399,9.926099170370593,7.460866057011835,2022-11-01,6.118170885351048,3.6,3.08,0.9376154202233696,1.2264879548788195
335,2022,12,4.260247300680203,11.527950519830538,9.087912087899408,2022-12-01,6.091283930821212,3.5,3.83,0.8289551786776705,1.1852366782660997
336,2023,01,4.353124130781093,10.903913856648032,6.119978199940829,2023-01-01,6.0669167334784095,3.5,4.33,0.8358553362305531,1.164925367114319
337,2023,02,4.2850405846208295,6.582354639969191,4.722633136094675,2023-02-01,6.046730042377734,3.6,4.33,0.8331486303996307,1.1756772785966723
338,2023,03,4.0803644755112485,5.282997940769137,3.94983277591716,2023-03-01,5.975976405909976,3.5,4.58,0.8035777497220385,1.17689527528088
339,2023,04,4.401807975320502,5.409061737903342,3.5535658673372783,2023-04-01,5.930563509334555,3.4,4.83,0.8566572947948984,1.154175857057
340,2023,05,3.987196302473337,4.831868502117817,2.929195804201184,2023-05-01,5.9571068606116135,3.6,4.83,0.779613926491267,1.1647892699059157
341,2023,06,3.9111689887981385,3.7367023138573314,2.990310650887574,2023-06-01,5.952468216699119,3.6,5.08,0.7684139200669522,1.1694609590042901
342,2023,07,4.214900413853558,3.8013367071890563,3.219287123136095,2023-07-01,5.945080746764402,3.5,5.08,0.8147677033489176,1.1492228310648278
343,2023,08,4.526759024210048,4.118397101551778,3.4772054868343196,2023-08-01,5.937206505554919,3.7,5.33,0.8915098691797969,1.1692864954269095
344,2023,09,4.964475061018413,4.541215138345202,3.890976331360947,2023-09-01,5.921830259993128,3.8,5.33,1.0015037172121053,1.1946348697873437
345,2023,10,4.754646370141853,4.063027269226981,4.524677245828403,2023-10-01,5.916418508761883,3.9,5.33,0.9693636818550255,1.2062224574816343
346,2023,11,4.315523301388217,3.561167605979973,4.560298675680474,2023-11-01,5.920226778146833,3.7,5.33,0.8641738545641287,1.1855121238991277
347,2023,12,4.006446819757562,4.02593579636407,3.8614644970414203,2023-12-01,5.9344576795326995,3.8,5.33,0.7862376135110493,1.164596474968424
