date,year,quarter,month,total_manu,dol_idx,m2,unemploy,interest,ppi_total_manu,wti
1995-01-01,1995,1,1,279692,88.2,3492.4,5.6,5.5,122.6,18.0
1995-02-01,1995,1,2,284915,87.1,3489.9,5.4,5.9,123.1,18.6
1995-03-01,1995,1,3,282195,83.5,3491.1,5.4,6.0,123.4,18.5
1995-04-01,1995,2,4,283370,81.6,3499.2,5.8,6.0,124.1,19.9
1995-05-01,1995,2,5,282955,82.6,3524.2,5.6,6.0,124.5,19.7
1995-06-01,1995,2,6,281900,82.1,3548.9,5.6,6.0,124.4,18.5
1995-07-01,1995,3,7,281269,81.7,3567.4,5.7,5.9,124.4,17.3
1995-08-01,1995,3,8,285979,84.5,3589,5.7,5.7,124.4,18.0
1995-09-01,1995,3,9,293326,85.6,3602.1,5.6,5.8,124.3,18.2
1995-10-01,1995,4,10,287568,83.9,3613.4,5.5,5.8,125.1,17.4
1995-11-01,1995,4,11,287704,84.0,3619.9,5.6,5.8,125.1,18.0
1995-12-01,1995,4,12,297684,84.9,3629.5,5.6,5.6,125.3,19.0
1996-01-01,1996,1,1,285822,86.0,3647.9,5.6,5.6,125.8,18.9
1996-02-01,1996,1,2,277940,86.2,3661.8,5.5,5.2,125.7,19.1
1996-03-01,1996,1,3,298862,86.4,3686.9,5.5,5.3,126,21.3
1996-04-01,1996,2,4,290320,87.4,3697.7,5.6,5.2,126.8,23.5
1996-05-01,1996,2,5,298700,88.2,3709.6,5.6,5.2,127.4,21.2
1996-06-01,1996,2,6,299606,88.0,3722.5,5.3,5.3,127.1,20.4
1996-07-01,1996,3,7,298909,87.1,3737.1,5.5,5.4,127.1,21.3
1996-08-01,1996,3,8,293231,86.4,3744,5.1,5.2,127.4,21.9
1996-09-01,1996,3,9,302015,87.3,3753.4,5.2,5.3,127.5,24.0
1996-10-01,1996,4,10,301595,87.9,3772.8,5.2,5.2,128.2,24.9
1996-11-01,1996,4,11,309537,86.9,3795.1,5.4,5.3,128,23.7
1996-12-01,1996,4,12,300179,88.6,3818.6,5.4,5.3,128,25.2
1997-01-01,1997,1,1,300765,90.8,3834.6,5.3,5.3,128.1,25.1
1997-02-01,1997,1,2,310604,94.4,3846.3,5.2,5.2,127.9,22.2
1997-03-01,1997,1,3,307465,95.5,3861.2,5.2,5.4,127.8,21.0
1997-04-01,1997,2,4,313694,96.3,3877,5.1,5.5,127.7,19.7
1997-05-01,1997,2,5,308733,95.1,3889.2,4.9,5.5,127.6,20.8
1997-06-01,1997,2,6,315090,95.3,3906,5,5.6,127.2,19.3
1997-07-01,1997,3,7,318485,97.4,3923.9,4.9,5.5,126.9,19.7
1997-08-01,1997,3,8,319106,99.9,3957.4,4.8,5.5,127.4,20.0
1997-09-01,1997,3,9,318687,98.2,3973.1,4.9,5.5,127.3,19.8
1997-10-01,1997,4,10,319565,96.9,3992.3,4.7,5.5,127.6,21.3
1997-11-01,1997,4,11,334896,96.3,4014.8,4.6,5.5,127.5,20.2
1997-12-01,1997,4,12,315121,98.7,4032.9,4.7,5.5,127,18.3
1998-01-01,1998,1,1,315893,100.4,4056.2,4.6,5.6,126.4,16.7
1998-02-01,1998,1,2,322715,99.8,4088.9,4.6,5.5,126.1,16.1
1998-03-01,1998,1,3,317454,100.4,4114.3,4.7,5.5,125.9,15.1
1998-04-01,1998,2,4,320388,100.2,4140.2,4.3,5.4,126.2,15.4
1998-05-01,1998,2,5,320787,99.5,4164.4,4.4,5.5,126.4,14.9
1998-06-01,1998,2,6,311219,100.8,4184.1,4.5,5.6,126.2,13.7
1998-07-01,1998,3,7,308769,101.3,4203.8,4.5,5.5,126.2,14.2
1998-08-01,1998,3,8,318026,101.7,4228.7,4.5,5.5,126,13.5
1998-09-01,1998,3,9,319546,97.1,4267.7,4.6,5.5,125.9,15.0
1998-10-01,1998,4,10,315959,93.6,4307.9,4.5,5.1,126.4,14.5
1998-11-01,1998,4,11,319291,95.4,4346.6,4.4,4.8,126.2,13.0
1998-12-01,1998,4,12,315467,94.5,4375.6,4.4,4.7,125.9,11.4
1999-01-01,1999,1,1,324278,94.6,4403,4.3,4.6,126.2,12.5
1999-02-01,1999,1,2,324617,97.1,4425.8,4.4,4.8,125.9,12.0
1999-03-01,1999,1,3,322604,99.4,4432.6,4.2,4.8,126.3,14.7
1999-04-01,1999,2,4,321414,100.5,4461.4,4.3,4.7,127.4,17.3
1999-05-01,1999,2,5,325581,100.9,4486.1,4.2,4.7,127.7,17.7
1999-06-01,1999,2,6,323793,102.5,4508,4.3,4.8,127.8,17.9
1999-07-01,1999,3,7,330548,102.7,4535.4,4.3,5.0,128.3,20.1
1999-08-01,1999,3,8,332510,100.3,4552.7,4.2,5.1,129,21.3
1999-09-01,1999,3,9,333492,99.8,4568.8,4.2,5.2,129.7,23.8
1999-10-01,1999,4,10,341407,98.2,4592.7,4.1,5.2,130.2,22.7
1999-11-01,1999,4,11,334281,100.6,4611.8,4.1,5.4,130.3,25.0
1999-12-01,1999,4,12,344248,101.8,4639.3,4,5.3,130.5,26.1
2000-01-01,2000,1,1,350725,101.7,4667.6,4,5.4,130.8,27.3
2000-02-01,2000,1,2,331991,104.4,4680.9,4.1,5.7,132.2,29.4
2000-03-01,2000,1,3,344182,105.5,4711.7,4,5.9,132.9,29.8
2000-04-01,2000,2,4,347917,106.8,4767.8,3.8,6.0,132.6,25.7
2000-05-01,2000,2,5,340085,110.8,4755.7,4,6.3,133.1,28.8
2000-06-01,2000,2,6,374700,107.1,4773.6,4,6.5,134.2,31.8
2000-07-01,2000,3,7,343351,108.3,4791.3,4,6.5,133.9,29.7
2000-08-01,2000,3,8,340728,111.2,4819.5,4.1,6.5,133.5,31.3
2000-09-01,2000,3,9,354557,114.4,4855.3,3.9,6.5,134.7,33.9
2000-10-01,2000,4,10,339610,116.1,4871.4,3.9,6.5,134.9,33.1
2000-11-01,2000,4,11,343578,116.5,4882.8,3.9,6.5,134.9,34.4
2000-12-01,2000,4,12,343858,112.7,4927.7,3.9,6.4,134.3,28.4
2001-01-01,2001,1,1,331600,110.1,4978.4,4.2,6.0,134.8,29.6
2001-02-01,2001,1,2,335205,111.8,5017.1,4.2,5.5,134.8,29.6
2001-03-01,2001,1,3,333486,113.9,5074.9,4.3,5.3,134.5,27.2
2001-04-01,2001,2,4,321890,115.5,5139.2,4.4,4.8,135.6,27.5
2001-05-01,2001,2,5,329643,116.8,5137.3,4.3,4.2,136.5,28.6
2001-06-01,2001,2,6,324044,118.9,5180.3,4.5,4.0,135.8,27.6
2001-07-01,2001,3,7,318401,118.4,5210.2,4.6,3.8,134.4,26.4
2001-08-01,2001,3,8,321838,114.4,5243.9,4.9,3.7,134.6,27.4
2001-09-01,2001,3,9,311821,113.3,5355.3,5,3.1,135.6,26.2
2001-10-01,2001,4,10,318537,114.2,5344,5.3,2.5,133.7,22.2
2001-11-01,2001,4,11,310008,116.0,5387.7,5.5,2.1,132.7,19.6
2001-12-01,2001,4,12,311731,116.2,5440.7,5.7,1.8,131.6,19.4
2002-01-01,2002,1,1,308617,117.8,5461.1,5.7,1.7,131.7,19.7
2002-02-01,2002,1,2,317481,119.0,5490.4,5.7,1.7,132,20.7
2002-03-01,2002,1,3,315160,117.9,5502.2,5.7,1.7,132.8,24.5
2002-04-01,2002,2,4,319110,116.9,5502.3,5.9,1.8,133.8,26.2
2002-05-01,2002,2,5,321471,113.4,5528.5,5.8,1.8,133.5,27.0
2002-06-01,2002,2,6,316320,109.7,5553.5,5.8,1.8,133.6,25.5
2002-07-01,2002,3,7,320937,106.0,5596.2,5.8,1.7,133.6,27.0
2002-08-01,2002,3,8,326896,107.4,5638.4,5.7,1.7,133.7,28.4
2002-09-01,2002,3,9,319466,107.3,5662.5,5.7,1.8,135,29.7
2002-10-01,2002,4,10,320658,107.5,5707.2,5.7,1.8,135.6,28.8
2002-11-01,2002,4,11,322463,105.7,5758.2,5.9,1.3,134.6,26.4
2002-12-01,2002,4,12,316933,104.2,5779.5,6,1.2,134,29.5
2003-01-01,2003,1,1,323882,100.8,5812.3,5.8,1.2,135.7,33.0
2003-02-01,2003,1,2,330320,99.9,5848.4,5.9,1.3,137.6,35.8
2003-03-01,2003,1,3,330437,99.8,5868.6,5.9,1.3,138.7,33.5
2003-04-01,2003,2,4,321380,99.4,5905.7,6,1.3,136.3,28.2
2003-05-01,2003,2,5,324549,94.4,5965.5,6.1,1.3,135.8,28.1
2003-06-01,2003,2,6,328625,93.5,6002.4,6.3,1.2,136.3,30.7
2003-07-01,2003,3,7,329530,95.6,6049.4,6.2,1.0,136.4,30.8
2003-08-01,2003,3,8,330322,97.2,6107.3,6.1,1.0,137,31.6
2003-09-01,2003,3,9,336048,95.8,6079.9,6.1,1.0,137.1,28.3
2003-10-01,2003,4,10,342054,92.1,6070.2,6,1.0,138.2,30.3
2003-11-01,2003,4,11,339229,91.9,6075.7,5.8,1.0,137.7,31.1
2003-12-01,2003,4,12,340507,88.4,6074,5.7,1.0,137.7,32.1
2004-01-01,2004,1,1,339193,86.4,6082.2,5.7,1.0,138.9,34.3
2004-02-01,2004,1,2,341261,86.3,6121.9,5.6,1.0,139.3,34.7
2004-03-01,2004,1,3,354358,88.5,6158,5.8,1.0,140.3,36.7
2004-04-01,2004,2,4,349488,89.8,6199.1,5.6,1.0,141.8,36.8
2004-05-01,2004,2,5,351373,90.5,6275.9,5.6,1.0,143.3,40.3
2004-06-01,2004,2,6,354635,89.2,6278.1,5.6,1.0,142.9,38.0
2004-07-01,2004,3,7,356710,88.3,6291.3,5.5,1.3,143.2,40.8
2004-08-01,2004,3,8,355629,88.9,6317.9,5.4,1.4,143.7,44.9
2004-09-01,2004,3,9,361042,88.7,6352.3,5.4,1.6,144.2,45.9
2004-10-01,2004,4,10,364476,86.9,6379.9,5.5,1.8,146.5,53.3
2004-11-01,2004,4,11,373177,83.6,6406.5,5.4,1.9,146.1,48.5
2004-12-01,2004,4,12,373419,81.6,6424.7,5.4,2.2,145,43.2
2005-01-01,2005,1,1,378937,83.1,6431,5.3,2.3,146.2,46.8
2005-02-01,2005,1,2,381880,83.7,6439.1,5.4,2.5,147,48.2
2005-03-01,2005,1,3,374642,82.8,6448.4,5.2,2.6,148.9,54.2
2005-04-01,2005,2,4,385450,84.3,6462,5.2,2.8,149.6,53.0
2005-05-01,2005,2,5,395916,85.6,6479.2,5.1,3.0,149.4,49.8
2005-06-01,2005,2,6,400506,88.4,6511.8,5,3.0,149.6,56.4
2005-07-01,2005,3,7,386590,89.7,6543.7,5,3.3,151,59.0
2005-08-01,2005,3,8,401287,87.9,6576.5,4.9,3.5,151.8,65.0
2005-09-01,2005,3,9,404154,88.1,6610.3,5,3.6,154.2,65.6
2005-10-01,2005,4,10,409487,89.7,6644.1,5,3.8,156.6,62.3
2005-11-01,2005,4,11,421486,91.5,6660.8,5,4.0,152.7,58.3
2005-12-01,2005,4,12,422981,90.9,6688,4.9,4.2,152.8,59.4
2006-01-01,2006,1,1,415824,89.0,6730.3,4.7,4.3,154.1,65.5
2006-02-01,2006,1,2,421074,90.4,6754.9,4.8,4.5,153.5,61.6
2006-03-01,2006,1,3,430457,90.0,6769.5,4.7,4.6,155,62.7
2006-04-01,2006,2,4,418625,88.4,6807,4.7,4.8,157.2,69.4
2006-05-01,2006,2,5,423472,84.9,6813.9,4.6,4.9,158.5,70.8
2006-06-01,2006,2,6,427440,85.8,6852.1,4.6,5.0,159.5,71.0
2006-07-01,2006,3,7,416849,85.9,6893.9,4.7,5.2,159.4,74.4
2006-08-01,2006,3,8,418759,85.0,6925.3,4.7,5.2,159.8,73.0
2006-09-01,2006,3,9,435776,85.6,6952.6,4.5,5.3,156.8,63.8
2006-10-01,2006,4,10,415798,86.3,7002,4.4,5.2,155.9,58.9
2006-11-01,2006,4,11,426451,84.8,7037.5,4.5,5.2,156.4,59.1
2006-12-01,2006,4,12,437894,83.4,7080.4,4.4,5.2,156.9,62.0
2007-01-01,2007,1,1,427905,84.8,7118.5,4.6,5.2,156.4,54.5
2007-02-01,2007,1,2,430410,84.4,7134.6,4.5,5.3,157.7,59.3
2007-03-01,2007,1,3,442158,83.5,7168.5,4.4,5.3,160.1,60.4
2007-04-01,2007,2,4,446596,82.1,7241,4.5,5.2,162.2,64.0
2007-05-01,2007,2,5,445891,82.1,7254.9,4.4,5.3,163.8,63.5
2007-06-01,2007,2,6,446539,82.5,7288.1,4.6,5.3,163.7,67.5
2007-07-01,2007,3,7,450464,80.8,7319,4.7,5.3,164.9,74.1
2007-08-01,2007,3,8,452598,80.9,7395.1,4.6,5.0,163,72.4
2007-09-01,2007,3,9,448633,79.3,7413.3,4.7,4.9,163.7,79.9
2007-10-01,2007,4,10,458907,77.8,7428.4,4.7,4.8,164.5,85.8
2007-11-01,2007,4,11,464910,75.7,7453.8,4.7,4.5,168,94.8
2007-12-01,2007,4,12,481274,76.8,7484.2,5,4.2,166.9,91.7
2008-01-01,2008,1,1,478676,75.9,7517.8,5,3.9,168.5,93.0
2008-02-01,2008,1,2,473714,75.7,7604.2,4.9,3.0,169.6,95.4
2008-03-01,2008,1,3,473829,72.5,7670.3,5.1,2.6,173.4,105.5
2008-04-01,2008,2,4,477888,72.1,7712.8,5,2.3,175.3,112.6
2008-05-01,2008,2,5,477706,72.9,7725.5,5.4,2.0,179.4,125.4
2008-06-01,2008,2,6,485010,73.2,7744.2,5.6,2.0,182,133.9
2008-07-01,2008,3,7,477725,72.5,7791.5,5.8,2.0,185.6,133.4
2008-08-01,2008,3,8,463929,76.1,7806.1,6.1,2.0,182.6,116.7
2008-09-01,2008,3,9,452545,78.3,7872.7,6.1,1.8,182.9,104.1
2008-10-01,2008,4,10,419715,83.1,7975.3,6.5,1.0,176.8,76.6
2008-11-01,2008,4,11,386733,86.4,8027.3,6.8,0.4,169.4,57.3
2008-12-01,2008,4,12,365490,83.1,8205,7.3,0.2,164.1,41.1
2009-01-01,2009,1,1,343559,84.1,8289.4,7.8,0.2,164.7,41.7
2009-02-01,2009,1,2,343150,86.6,8319.6,8.3,0.2,163.9,39.1
2009-03-01,2009,1,3,333431,86.5,8386.7,8.7,0.2,162.9,47.9
2009-04-01,2009,2,4,334449,85.3,8391.4,9,0.2,164.2,49.7
2009-05-01,2009,2,5,339817,82.2,8449.5,9.4,0.2,165.8,59.0
2009-06-01,2009,2,6,345129,80.1,8459.5,9.5,0.2,168.4,69.6
2009-07-01,2009,3,7,348909,79.5,8463.8,9.5,0.2,167.1,64.2
2009-08-01,2009,3,8,355776,78.4,8463.3,9.6,0.2,169.4,71.0
2009-09-01,2009,3,9,359189,77.0,8461.8,9.8,0.1,168.6,69.4
2009-10-01,2009,4,10,366143,76.0,8488.1,10,0.1,168.9,75.7
2009-11-01,2009,4,11,369445,75.3,8517.3,9.9,0.1,170.7,78.0
2009-12-01,2009,4,12,371392,76.8,8512.5,9.9,0.1,170.8,74.5
2010-01-01,2010,1,1,393694,77.8,8478,9.8,0.1,173.1,78.3
2010-02-01,2010,1,2,394215,80.2,8527.6,9.8,0.1,172.2,76.4
2010-03-01,2010,1,3,400659,80.7,8523.7,9.9,0.2,173.9,81.2
2010-04-01,2010,2,4,400842,81.2,8555.1,9.9,0.2,175.2,84.3
2010-05-01,2010,2,5,404370,85.4,8609.3,9.6,0.2,176.1,73.7
2010-06-01,2010,2,6,400624,86.6,8628.4,9.4,0.2,174.8,75.3
2010-07-01,2010,3,7,402326,83.1,8639.8,9.4,0.2,174.7,76.3
2010-08-01,2010,3,8,408354,82.1,8688.2,9.5,0.2,175.3,76.6
2010-09-01,2010,3,9,422049,81.1,8718.9,9.5,0.2,175.5,75.2
2010-10-01,2010,4,10,417830,77.5,8768.7,9.4,0.2,177.3,81.9
2010-11-01,2010,4,11,426427,78.4,8789.3,9.8,0.2,178.2,84.3
2010-12-01,2010,4,12,429764,80.0,8822.9,9.3,0.2,179.1,89.2
2011-01-01,2011,1,1,445734,79.1,8845.2,9.1,0.2,181.1,89.2
2011-02-01,2011,1,2,438975,77.8,8909,9,0.2,183.3,88.6
2011-03-01,2011,1,3,463133,76.3,8967,9,0.1,187.3,102.9
2011-04-01,2011,2,4,454441,74.7,9030.4,9.1,0.1,190.2,109.5
2011-05-01,2011,2,5,458536,74.9,9102.7,9,0.1,191.9,100.9
2011-06-01,2011,2,6,454746,74.7,9176.7,9.1,0.1,191.1,96.3
2011-07-01,2011,3,7,459477,74.8,9338.7,9,0.1,191.7,97.3
2011-08-01,2011,3,8,468947,74.2,9525.1,9,0.1,190.7,86.3
2011-09-01,2011,3,9,457843,77.0,9545.3,9,0.1,191.5,85.5
2011-10-01,2011,4,10,463126,77.2,9578.1,8.8,0.1,190.2,86.3
2011-11-01,2011,4,11,471598,77.9,9629.8,8.6,0.1,190.6,97.2
2011-12-01,2011,4,12,478391,79.6,9677.4,8.5,0.1,189.6,98.6
2012-01-01,2012,1,1,481515,80.3,9750.5,8.3,0.1,191.1,100.3
2012-02-01,2012,1,2,486936,78.9,9802.2,8.3,0.1,192.1,102.2
2012-03-01,2012,1,3,480147,79.5,9846.2,8.2,0.1,194.3,106.2
2012-04-01,2012,2,4,474178,79.4,9899.8,8.2,0.1,194.7,103.3
2012-05-01,2012,2,5,473108,80.9,9943,8.2,0.2,193.6,94.7
2012-06-01,2012,2,6,462435,82.2,10013,8.2,0.2,191.7,82.3
2012-07-01,2012,3,7,472663,83.1,10065.7,8.2,0.2,191.2,87.9
2012-08-01,2012,3,8,455821,82.2,10136.4,8.1,0.1,193.5,94.1
2012-09-01,2012,3,9,475369,79.8,10216.6,7.8,0.1,195.4,94.5
2012-10-01,2012,4,10,478507,79.7,10282.8,7.8,0.2,195.1,89.5
2012-11-01,2012,4,11,475932,80.7,10351.8,7.7,0.2,192.6,86.5
2012-12-01,2012,4,12,488496,79.8,10474.4,7.9,0.2,191.8,87.9
2013-01-01,2013,1,1,485261,79.9,10497.6,8,0.1,192.6,94.8
2013-02-01,2013,1,2,501221,80.6,10516.6,7.7,0.1,195.2,95.3
2013-03-01,2013,1,3,475224,82.6,10572.9,7.5,0.1,194.5,92.9
2013-04-01,2013,2,4,481657,82.5,10600.4,7.6,0.1,194,92.0
2013-05-01,2013,2,5,494363,83.2,10634.7,7.5,0.1,194,94.5
2013-06-01,2013,2,6,501703,81.9,10692.3,7.5,0.1,193.9,95.8
2013-07-01,2013,3,7,481319,82.8,10731.5,7.3,0.1,194,104.7
2013-08-01,2013,3,8,484962,81.5,10789.6,7.2,0.1,194.6,106.6
2013-09-01,2013,3,9,496806,81.2,10850,7.2,0.1,194.3,106.3
2013-10-01,2013,4,10,491978,79.9,10974.2,7.2,0.1,193.7,100.5
2013-11-01,2013,4,11,503515,80.8,10982.9,6.9,0.1,192.7,93.9
2013-12-01,2013,4,12,500487,80.3,11047.8,6.7,0.1,193.2,97.6
2014-01-01,2014,1,1,486935,80.8,11117.6,6.6,0.1,194.2,94.6
2014-02-01,2014,1,2,496729,80.5,11183.2,6.7,0.1,195.2,100.8
2014-03-01,2014,1,3,497989,79.9,11219.1,6.7,0.1,196.2,100.8
2014-04-01,2014,2,4,501596,79.9,11264,6.2,0.1,197.5,102.1
2014-05-01,2014,2,5,495265,79.9,11328.5,6.3,0.1,197.2,102.2
2014-06-01,2014,2,6,499173,80.4,11383.7,6.1,0.1,197.2,105.8
2014-07-01,2014,3,7,559295,80.5,11438.4,6.2,0.1,197.4,103.6
2014-08-01,2014,3,8,495344,81.9,11462.5,6.1,0.1,197.4,96.5
2014-09-01,2014,3,9,492913,84.5,11503.7,5.9,0.1,196.8,93.2
2014-10-01,2014,4,10,485343,85.7,11577.5,5.7,0.1,194.8,84.4
2014-11-01,2014,4,11,475804,87.7,11618.2,5.8,0.1,192.7,75.8
2014-12-01,2014,4,12,464933,89.2,11701.9,5.6,0.1,189.1,59.3
2015-01-01,2015,1,1,457925,93.0,11774.2,5.7,0.1,185,47.2
2015-02-01,2015,1,2,452584,94.5,11880.4,5.5,0.1,185.4,50.6
2015-03-01,2015,1,3,463252,97.9,11892.9,5.4,0.1,186.2,47.8
2015-04-01,2015,2,4,460289,97.6,11932.5,5.4,0.1,185.7,54.5
2015-05-01,2015,2,5,450983,95.2,11963.8,5.6,0.1,188.2,59.3
2015-06-01,2015,2,6,463819,95.2,12011.1,5.3,0.1,188.9,59.8
2015-07-01,2015,3,7,459623,97.0,12061.1,5.2,0.1,188.5,50.9
2015-08-01,2015,3,8,450872,96.4,12110.8,5.1,0.1,187,42.9
2015-09-01,2015,3,9,443626,95.8,12170.3,5,0.1,184.3,45.5
2015-10-01,2015,4,10,450910,95.7,12211.2,5,0.1,183.7,46.2
2015-11-01,2015,4,11,443949,99.0,12301,5.1,0.1,182.9,42.4
2015-12-01,2015,4,12,436169,98.3,12361.5,5,0.2,180.8,37.2
2016-01-01,2016,1,1,443032,99.0,12490.8,4.8,0.3,179.7,31.7
2016-02-01,2016,1,2,431196,97.1,12557.6,4.9,0.4,178.7,30.3
2016-03-01,2016,1,3,436598,96.3,12620.2,5,0.4,179.3,37.6
2016-04-01,2016,2,4,448453,94.4,12703.7,5.1,0.4,180.5,40.8
2016-05-01,2016,2,5,442183,94.5,12775.9,4.8,0.4,181.9,46.7
2016-06-01,2016,2,6,430261,94.7,12841.1,4.9,0.4,183.6,48.8
2016-07-01,2016,3,7,435507,96.6,12902.2,4.8,0.4,183.4,44.7
2016-08-01,2016,3,8,438959,95.4,12988.9,4.9,0.4,182.5,44.7
2016-09-01,2016,3,9,438760,95.5,13047.9,5,0.4,183,45.2
2016-10-01,2016,4,10,456552,97.7,13112.8,4.9,0.4,183.7,49.8
2016-11-01,2016,4,11,437433,99.7,13182.4,4.7,0.4,183.2,45.7
2016-12-01,2016,4,12,447970,102.0,13215.3,4.7,0.5,183.9,52.0
2017-01-01,2017,1,1,448947,101.1,13286.4,4.7,0.6,185.6,52.5
2017-02-01,2017,1,2,452625,100.7,13351.2,4.6,0.7,186.2,53.5
2017-03-01,2017,1,3,452140,100.8,13420.1,4.4,0.8,186.7,49.3
2017-04-01,2017,2,4,454258,100.0,13481,4.4,0.9,187.6,51.1
2017-05-01,2017,2,5,450239,98.3,13539.7,4.4,0.9,187.3,48.5
2017-06-01,2017,2,6,464508,96.9,13564.1,4.3,1.0,187.6,45.2
2017-07-01,2017,3,7,446837,94.9,13628.9,4.3,1.2,187.3,46.6
2017-08-01,2017,3,8,453565,93.2,13688,4.4,1.2,188.4,48.0
2017-09-01,2017,3,9,461137,92.3,13733.8,4.3,1.2,189.6,49.8
2017-10-01,2017,4,10,463860,93.7,13788.5,4.2,1.2,190.2,51.6
2017-11-01,2017,4,11,470852,94.0,13814.7,4.2,1.2,191.2,56.6
2017-12-01,2017,4,12,481816,93.4,13860.3,4.1,1.3,191.3,57.9
2018-01-01,2018,1,1,470594,90.7,13869.2,4,1.4,192.6,63.7
2018-02-01,2018,1,2,479219,89.7,13907.3,4.1,1.4,193.5,62.2
2018-03-01,2018,1,3,486534,89.9,13966.4,4,1.5,194,62.7
2018-04-01,2018,2,4,486161,90.3,13989.3,4,1.7,195.3,66.3
2018-05-01,2018,2,5,490164,93.3,14055.7,3.8,1.7,197.7,70.0
2018-06-01,2018,2,6,489657,94.4,14117.5,4,1.8,198.4,67.9
2018-07-01,2018,3,7,482617,94.6,14157,3.8,1.9,198.5,71.0
2018-08-01,2018,3,8,494392,95.5,14206,3.8,1.9,198.6,68.1
2018-09-01,2018,3,9,496543,94.7,14238.2,3.7,2.0,198.9,70.2
2018-10-01,2018,4,10,487659,95.9,14248.1,3.8,2.2,200.4,70.8
2018-11-01,2018,4,11,477751,96.8,14258.7,3.8,2.2,198.4,57.0
2018-12-01,2018,4,12,480710,96.9,14369.9,3.9,2.3,195.2,49.5
2019-01-01,2019,1,1,474710,95.9,14432.7,4,2.4,194.3,51.4
2019-02-01,2019,1,2,471512,96.5,14470.5,3.8,2.4,195.4,55.0
2019-03-01,2019,1,3,480547,96.8,14513.9,3.8,2.4,197.4,58.2
2019-04-01,2019,2,4,473631,97.4,14548.1,3.7,2.4,199.2,63.9
2019-05-01,2019,2,5,464322,97.7,14660.8,3.6,2.4,199.1,60.8
2019-06-01,2019,2,6,458788,96.8,14782.9,3.6,2.4,197,54.7
2019-07-01,2019,3,7,464634,97.4,14865.4,3.7,2.4,197.5,57.4
2019-08-01,2019,3,8,464972,98.0,14947.6,3.6,2.1,196.4,54.8
2019-09-01,2019,3,9,458357,98.6,15039.5,3.5,2.0,195.9,57.0
2019-10-01,2019,4,10,456077,98.2,15174.6,3.6,1.8,196.6,54.0
2019-11-01,2019,4,11,447621,98.1,15273.3,3.6,1.6,196.5,57.1
2019-12-01,2019,4,12,450912,97.4,15334.3,3.6,1.6,196.4,59.8
2020-01-01,2020,1,1,459296,97.4,15401.3,3.6,1.6,196.6,57.5
2020-02-01,2020,1,2,461771,98.8,15453.8,3.5,1.6,195.1,50.5
2020-03-01,2020,1,3,414724,98.8,15980.6,4.4,0.7,192.3,29.2
2020-04-01,2020,2,4,355712,99.9,16999,14.8,0.0,186.1,16.6
2020-05-01,2020,2,5,376125,99.6,17868.4,13.2,0.1,188.9,28.6
2020-06-01,2020,2,6,403154,97.1,18161.5,11,0.1,190.2,38.3
2020-07-01,2020,3,7,430698,95.5,18311.4,10.2,0.1,192.3,40.7
2020-08-01,2020,3,8,437213,93.0,18382.2,8.4,0.1,193,42.3
2020-09-01,2020,3,9,440175,93.4,18606.8,7.8,0.1,192.9,39.6
2020-10-01,2020,4,10,449054,93.4,18758.1,6.9,0.1,193.7,39.4
2020-11-01,2020,4,11,454377,92.6,18972.9,6.7,0.1,194.5,40.9
2020-12-01,2020,4,12,464003,90.5,19109.9,6.7,0.1,196.7,47.0
2021-01-01,2021,1,1,483223,90.2,19334.6,6.4,0.1,199.6,52.0
2021-02-01,2021,1,2,487080,90.7,19570.8,6.2,0.1,203.1,59.1
2021-03-01,2021,1,3,492629,92.0,19809.6,6.1,0.1,207.9,62.3
2021-04-01,2021,2,4,495617,91.6,20135.3,6.1,0.1,210.1,61.7
2021-05-01,2021,2,5,502655,90.3,20439.5,5.8,0.1,215.1,65.2
2021-06-01,2021,2,6,510229,91.0,20482.4,5.9,0.1,217.9,71.4
2021-07-01,2021,3,7,517777,92.5,20633.3,5.4,0.1,219.492,72.5
2021-08-01,2021,3,8,526528,92.8,20844.3,5.1,0.1,220.114,67.7
2021-09-01,2021,3,9,521202,93.0,20973.7,4.7,0.1,221.869,71.7
2021-10-01,2021,4,10,535260,94.0,21153.7,4.5,0.1,225.478,81.5
2021-11-01,2021,4,11,544773,95.3,21327.5,4.2,0.1,227.109,79.2
2021-12-01,2021,4,12,549680,96.2,21507.8,3.9,0.1,226.47,71.7
2022-01-01,2022,1,1,561562,96.0,21566.1,4,0.1,231.495,83.2
2022-02-01,2022,1,2,562290,96.0,21621,3.8,0.1,237.245,91.6
2022-03-01,2022,1,3,574092,98.5,21722.8,3.7,0.2,245.404,108.5
2022-04-01,2022,2,4,577383,100.7,21723.2,3.7,0.3,249.56,101.8
2022-05-01,2022,2,5,583421,103.2,21696.6,3.6,0.8,256.396,109.6
2022-06-01,2022,2,6,589969,103.8,21652.4,3.6,1.2,262.418,114.8
2022-07-01,2022,3,7,584463,107.0,21644.6,3.5,1.7,256.526,101.6
2022-08-01,2022,3,8,582320,107.1,21626.7,3.6,2.3,251.494,93.7
2022-09-01,2022,3,9,577769,110.7,21507.7,3.5,2.6,251.891,84.3
2022-10-01,2022,4,10,590415,111.9,21433.4,3.6,3.1,254.03,87.6
2022-11-01,2022,4,11,577841,108.1,21367.1,3.6,3.8,252.905,84.4
2022-12-01,2022,4,12,576183,104.5,21273.2,3.5,4.1,245.115,76.4
2023-01-01,2023,1,1,585407,102.7,21188.1,3.5,4.3,249.178,78.1
2023-02-01,2023,1,2,575072,103.7,21117.6,3.6,4.6,249.308,76.8
2023-03-01,2023,1,3,575589,103.8,20870.5,3.5,4.6,248.98,73.3
2023-04-01,2023,2,4,580722,101.8,20711.9,3.4,4.8,248.583,79.5
2023-05-01,2023,2,5,577769,102.7,20804.6,3.6,5.1,246.206,71.6
2023-06-01,2023,2,6,585469,103.1,20788.4,3.6,5.1,245.784,70.3
2023-07-01,2023,3,7,579559,101.3,20762.6,3.5,5.1,245.434,76.1
2023-08-01,2023,3,8,585331,103.1,20735.1,3.7,5.3,251.093,81.4
2023-09-01,2023,3,9,593919,105.3,20681.4,3.8,5.3,252.368,89.4
2023-10-01,2023,4,10,576365,106.4,20662.5,3.9,5.3,249.119,85.6
2023-11-01,2023,4,11,597695,104.5,20675.8,3.7,5.3,246.497,77.7
2023-12-01,2023,4,12,585235,102.7,20725.5,3.8,5.3,243.266,71.9
